2026-03-15 01:15:29.195 [restartedMain] INFO  c.example.Portal.PortalApplication - Starting PortalApplication using Java 21.0.9 with PID 18992 (G:\MyPortal\Portal\target\classes started by PAWAN in G:\MyPortal)
2026-03-15 01:15:29.201 [restartedMain] INFO  c.example.Portal.PortalApplication - No active profile set, falling back to 1 default profile: "default"
2026-03-15 01:15:29.368 [restartedMain] INFO  o.s.b.d.restart.ChangeableUrls - The Class-Path manifest attribute in C:\Users\PAWAN\.m2\repository\com\oracle\database\jdbc\ojdbc11\23.3.0.23.09\ojdbc11-23.3.0.23.09.jar referenced one or more files that do not exist: file:/C:/Users/PAWAN/.m2/repository/com/oracle/database/jdbc/ojdbc11/23.3.0.23.09/oraclepki.jar
2026-03-15 01:15:29.369 [restartedMain] INFO  o.s.b.d.e.DevToolsPropertyDefaultsPostProcessor - Devtools property defaults active! Set 'spring.devtools.add-properties' to 'false' to disable
2026-03-15 01:15:29.370 [restartedMain] INFO  o.s.b.d.e.DevToolsPropertyDefaultsPostProcessor - For additional web related logging consider setting the 'logging.level.web' property to 'DEBUG'
2026-03-15 01:15:31.981 [restartedMain] INFO  o.s.d.r.c.RepositoryConfigurationDelegate - Bootstrapping Spring Data JPA repositories in DEFAULT mode.
2026-03-15 01:15:32.235 [restartedMain] INFO  o.s.d.r.c.RepositoryConfigurationDelegate - Finished Spring Data repository scanning in 236 ms. Found 15 JPA repository interfaces.
2026-03-15 01:15:32.942 [restartedMain] INFO  o.s.cloud.context.scope.GenericScope - BeanFactory id=0d66d22c-a8a1-3ecb-88a2-f22037eefdee
2026-03-15 01:15:34.577 [restartedMain] INFO  o.s.b.w.e.tomcat.TomcatWebServer - Tomcat initialized with port 8080 (http)
2026-03-15 01:15:34.602 [restartedMain] INFO  o.a.coyote.http11.Http11NioProtocol - Initializing ProtocolHandler ["http-nio-8080"]
2026-03-15 01:15:34.615 [restartedMain] INFO  o.a.catalina.core.StandardService - Starting service [Tomcat]
2026-03-15 01:15:34.616 [restartedMain] INFO  o.a.catalina.core.StandardEngine - Starting Servlet engine: [Apache Tomcat/10.1.31]
2026-03-15 01:15:34.727 [restartedMain] INFO  o.a.c.c.C.[Tomcat].[localhost].[/] - Initializing Spring embedded WebApplicationContext
2026-03-15 01:15:34.728 [restartedMain] INFO  o.s.b.w.s.c.ServletWebServerApplicationContext - Root WebApplicationContext: initialization completed in 5355 ms
2026-03-15 01:15:35.306 [restartedMain] INFO  o.h.jpa.internal.util.LogHelper - HHH000204: Processing PersistenceUnitInfo [name: default]
2026-03-15 01:15:35.573 [restartedMain] INFO  org.hibernate.Version - HHH000412: Hibernate ORM core version 6.5.3.Final
2026-03-15 01:15:35.689 [restartedMain] INFO  o.h.c.i.RegionFactoryInitiator - HHH000026: Second-level cache disabled
2026-03-15 01:15:36.533 [restartedMain] INFO  o.s.o.j.p.SpringPersistenceUnitInfo - No LoadTimeWeaver setup: ignoring JPA class transformer
2026-03-15 01:15:36.662 [restartedMain] INFO  com.zaxxer.hikari.HikariDataSource - HikariCP - Starting...
2026-03-15 01:15:40.590 [restartedMain] INFO  com.zaxxer.hikari.pool.HikariPool - HikariCP - Added connection oracle.jdbc.driver.T4CConnection@2af68eeb
2026-03-15 01:15:40.593 [restartedMain] INFO  com.zaxxer.hikari.HikariDataSource - HikariCP - Start completed.
2026-03-15 01:15:45.646 [restartedMain] INFO  o.h.e.t.j.p.i.JtaPlatformInitiator - HHH000489: No JTA platform available (set 'hibernate.transaction.jta.platform' to enable JTA platform integration)
2026-03-15 01:15:52.219 [restartedMain] INFO  o.h.t.s.e.i.AbstractInformationExtractorImpl - HHH000475: Cannot locate column information using identifier [SYS_NC00010$]; ignoring index [IDX_ANN_PUBLISH_AT]
2026-03-15 01:16:14.401 [restartedMain] INFO  o.s.o.j.LocalContainerEntityManagerFactoryBean - Initialized JPA EntityManagerFactory for persistence unit 'default'
2026-03-15 01:16:16.142 [restartedMain] INFO  o.s.d.j.r.query.QueryEnhancerFactory - Hibernate is in classpath; If applicable, HQL parser will be used.
2026-03-15 01:16:17.725 [restartedMain] INFO  o.s.o.j.LocalContainerEntityManagerFactoryBean - Closing JPA EntityManagerFactory for persistence unit 'default'
2026-03-15 01:16:17.732 [restartedMain] INFO  com.zaxxer.hikari.HikariDataSource - HikariCP - Shutdown initiated...
2026-03-15 01:16:17.797 [restartedMain] INFO  com.zaxxer.hikari.HikariDataSource - HikariCP - Shutdown completed.
2026-03-15 01:16:17.803 [restartedMain] INFO  o.a.catalina.core.StandardService - Stopping service [Tomcat]
2026-03-15 01:16:17.837 [restartedMain] INFO  o.s.b.a.l.ConditionEvaluationReportLogger - 

Error starting ApplicationContext. To display the condition evaluation report re-run your application with 'debug' enabled.
2026-03-15 01:17:43.517 [restartedMain] INFO  c.example.Portal.PortalApplication - Starting PortalApplication using Java 21.0.9 with PID 1136 (G:\MyPortal\Portal\target\classes started by PAWAN in G:\MyPortal)
2026-03-15 01:17:43.523 [restartedMain] INFO  c.example.Portal.PortalApplication - No active profile set, falling back to 1 default profile: "default"
2026-03-15 01:17:43.895 [restartedMain] INFO  o.s.b.d.restart.ChangeableUrls - The Class-Path manifest attribute in C:\Users\PAWAN\.m2\repository\com\oracle\database\jdbc\ojdbc11\23.3.0.23.09\ojdbc11-23.3.0.23.09.jar referenced one or more files that do not exist: file:/C:/Users/PAWAN/.m2/repository/com/oracle/database/jdbc/ojdbc11/23.3.0.23.09/oraclepki.jar
2026-03-15 01:17:43.895 [restartedMain] INFO  o.s.b.d.e.DevToolsPropertyDefaultsPostProcessor - Devtools property defaults active! Set 'spring.devtools.add-properties' to 'false' to disable
2026-03-15 01:17:43.896 [restartedMain] INFO  o.s.b.d.e.DevToolsPropertyDefaultsPostProcessor - For additional web related logging consider setting the 'logging.level.web' property to 'DEBUG'
2026-03-15 01:17:47.989 [restartedMain] INFO  o.s.d.r.c.RepositoryConfigurationDelegate - Bootstrapping Spring Data JPA repositories in DEFAULT mode.
2026-03-15 01:17:48.182 [restartedMain] INFO  o.s.d.r.c.RepositoryConfigurationDelegate - Finished Spring Data repository scanning in 178 ms. Found 15 JPA repository interfaces.
2026-03-15 01:17:48.951 [restartedMain] INFO  o.s.cloud.context.scope.GenericScope - BeanFactory id=b4bf4ef4-577a-3e49-8069-a25e8a1ad954
2026-03-15 01:17:51.318 [restartedMain] INFO  o.s.b.w.e.tomcat.TomcatWebServer - Tomcat initialized with port 8080 (http)
2026-03-15 01:17:51.359 [restartedMain] INFO  o.a.coyote.http11.Http11NioProtocol - Initializing ProtocolHandler ["http-nio-8080"]
2026-03-15 01:17:51.383 [restartedMain] INFO  o.a.catalina.core.StandardService - Starting service [Tomcat]
2026-03-15 01:17:51.383 [restartedMain] INFO  o.a.catalina.core.StandardEngine - Starting Servlet engine: [Apache Tomcat/10.1.31]
2026-03-15 01:17:51.504 [restartedMain] INFO  o.a.c.c.C.[Tomcat].[localhost].[/] - Initializing Spring embedded WebApplicationContext
2026-03-15 01:17:51.504 [restartedMain] INFO  o.s.b.w.s.c.ServletWebServerApplicationContext - Root WebApplicationContext: initialization completed in 7606 ms
2026-03-15 01:17:52.616 [restartedMain] INFO  o.h.jpa.internal.util.LogHelper - HHH000204: Processing PersistenceUnitInfo [name: default]
2026-03-15 01:17:52.948 [restartedMain] INFO  org.hibernate.Version - HHH000412: Hibernate ORM core version 6.5.3.Final
2026-03-15 01:17:53.060 [restartedMain] INFO  o.h.c.i.RegionFactoryInitiator - HHH000026: Second-level cache disabled
2026-03-15 01:17:54.312 [restartedMain] INFO  o.s.o.j.p.SpringPersistenceUnitInfo - No LoadTimeWeaver setup: ignoring JPA class transformer
2026-03-15 01:17:54.470 [restartedMain] INFO  com.zaxxer.hikari.HikariDataSource - HikariCP - Starting...
2026-03-15 01:17:55.711 [restartedMain] INFO  com.zaxxer.hikari.pool.HikariPool - HikariCP - Added connection oracle.jdbc.driver.T4CConnection@718bd25d
2026-03-15 01:17:55.714 [restartedMain] INFO  com.zaxxer.hikari.HikariDataSource - HikariCP - Start completed.
2026-03-15 01:18:01.304 [restartedMain] INFO  o.h.e.t.j.p.i.JtaPlatformInitiator - HHH000489: No JTA platform available (set 'hibernate.transaction.jta.platform' to enable JTA platform integration)
2026-03-15 01:18:06.692 [restartedMain] INFO  o.h.t.s.e.i.AbstractInformationExtractorImpl - HHH000475: Cannot locate column information using identifier [SYS_NC00010$]; ignoring index [IDX_ANN_PUBLISH_AT]
2026-03-15 01:18:11.107 [restartedMain] INFO  o.s.o.j.LocalContainerEntityManagerFactoryBean - Initialized JPA EntityManagerFactory for persistence unit 'default'
2026-03-15 01:18:12.767 [restartedMain] INFO  o.s.d.j.r.query.QueryEnhancerFactory - Hibernate is in classpath; If applicable, HQL parser will be used.
2026-03-15 01:18:16.866 [restartedMain] INFO  o.s.b.d.a.OptionalLiveReloadServer - LiveReload server is running on port 35729
2026-03-15 01:18:17.137 [restartedMain] INFO  o.a.coyote.http11.Http11NioProtocol - Starting ProtocolHandler ["http-nio-8080"]
2026-03-15 01:18:17.166 [restartedMain] INFO  o.s.b.w.e.tomcat.TomcatWebServer - Tomcat started on port 8080 (http) with context path '/'
2026-03-15 01:18:17.316 [restartedMain] INFO  o.a.k.c.consumer.ConsumerConfig - ConsumerConfig values: 
	allow.auto.create.topics = true
	auto.commit.interval.ms = 5000
	auto.include.jmx.reporter = true
	auto.offset.reset = earliest
	bootstrap.servers = [localhost:9092]
	check.crcs = true
	client.dns.lookup = use_all_dns_ips
	client.id = consumer-notification-id-1
	client.rack = 
	connections.max.idle.ms = 540000
	default.api.timeout.ms = 60000
	enable.auto.commit = false
	enable.metrics.push = true
	exclude.internal.topics = true
	fetch.max.bytes = 52428800
	fetch.max.wait.ms = 500
	fetch.min.bytes = 1
	group.id = notification-id
	group.instance.id = null
	group.protocol = classic
	group.remote.assignor = null
	heartbeat.interval.ms = 3000
	interceptor.classes = []
	internal.leave.group.on.close = true
	internal.throw.on.fetch.stable.offset.unsupported = false
	isolation.level = read_uncommitted
	key.deserializer = class org.apache.kafka.common.serialization.StringDeserializer
	max.partition.fetch.bytes = 1048576
	max.poll.interval.ms = 300000
	max.poll.records = 500
	metadata.max.age.ms = 300000
	metric.reporters = []
	metrics.num.samples = 2
	metrics.recording.level = INFO
	metrics.sample.window.ms = 30000
	partition.assignment.strategy = [class org.apache.kafka.clients.consumer.RangeAssignor, class org.apache.kafka.clients.consumer.CooperativeStickyAssignor]
	receive.buffer.bytes = 65536
	reconnect.backoff.max.ms = 1000
	reconnect.backoff.ms = 50
	request.timeout.ms = 30000
	retry.backoff.max.ms = 1000
	retry.backoff.ms = 100
	sasl.client.callback.handler.class = null
	sasl.jaas.config = null
	sasl.kerberos.kinit.cmd = /usr/bin/kinit
	sasl.kerberos.min.time.before.relogin = 60000
	sasl.kerberos.service.name = null
	sasl.kerberos.ticket.renew.jitter = 0.05
	sasl.kerberos.ticket.renew.window.factor = 0.8
	sasl.login.callback.handler.class = null
	sasl.login.class = null
	sasl.login.connect.timeout.ms = null
	sasl.login.read.timeout.ms = null
	sasl.login.refresh.buffer.seconds = 300
	sasl.login.refresh.min.period.seconds = 60
	sasl.login.refresh.window.factor = 0.8
	sasl.login.refresh.window.jitter = 0.05
	sasl.login.retry.backoff.max.ms = 10000
	sasl.login.retry.backoff.ms = 100
	sasl.mechanism = GSSAPI
	sasl.oauthbearer.clock.skew.seconds = 30
	sasl.oauthbearer.expected.audience = null
	sasl.oauthbearer.expected.issuer = null
	sasl.oauthbearer.jwks.endpoint.refresh.ms = 3600000
	sasl.oauthbearer.jwks.endpoint.retry.backoff.max.ms = 10000
	sasl.oauthbearer.jwks.endpoint.retry.backoff.ms = 100
	sasl.oauthbearer.jwks.endpoint.url = null
	sasl.oauthbearer.scope.claim.name = scope
	sasl.oauthbearer.sub.claim.name = sub
	sasl.oauthbearer.token.endpoint.url = null
	security.protocol = PLAINTEXT
	security.providers = null
	send.buffer.bytes = 131072
	session.timeout.ms = 45000
	socket.connection.setup.timeout.max.ms = 30000
	socket.connection.setup.timeout.ms = 10000
	ssl.cipher.suites = null
	ssl.enabled.protocols = [TLSv1.2, TLSv1.3]
	ssl.endpoint.identification.algorithm = https
	ssl.engine.factory.class = null
	ssl.key.password = null
	ssl.keymanager.algorithm = SunX509
	ssl.keystore.certificate.chain = null
	ssl.keystore.key = null
	ssl.keystore.location = null
	ssl.keystore.password = null
	ssl.keystore.type = JKS
	ssl.protocol = TLSv1.3
	ssl.provider = null
	ssl.secure.random.implementation = null
	ssl.trustmanager.algorithm = PKIX
	ssl.truststore.certificates = null
	ssl.truststore.location = null
	ssl.truststore.password = null
	ssl.truststore.type = JKS
	value.deserializer = class org.apache.kafka.common.serialization.StringDeserializer

2026-03-15 01:18:17.510 [restartedMain] INFO  o.a.k.c.t.i.KafkaMetricsCollector - initializing Kafka metrics collector
2026-03-15 01:18:17.783 [restartedMain] INFO  o.a.kafka.common.utils.AppInfoParser - Kafka version: 3.7.1
2026-03-15 01:18:17.784 [restartedMain] INFO  o.a.kafka.common.utils.AppInfoParser - Kafka commitId: e2494e6ffb89f828
2026-03-15 01:18:17.784 [restartedMain] INFO  o.a.kafka.common.utils.AppInfoParser - Kafka startTimeMs: 1773517697779
2026-03-15 01:18:17.797 [restartedMain] INFO  o.a.k.c.c.i.LegacyKafkaConsumer - [Consumer clientId=consumer-notification-id-1, groupId=notification-id] Subscribed to topic(s): payroll-topic
2026-03-15 01:18:17.839 [restartedMain] INFO  c.example.Portal.PortalApplication - Started PortalApplication in 36.173 seconds (process running for 37.772)
2026-03-15 01:18:19.647 [org.springframework.kafka.KafkaListenerEndpointContainer#0-0-C-1] INFO  org.apache.kafka.clients.Metadata - [Consumer clientId=consumer-notification-id-1, groupId=notification-id] Cluster ID: test-cluster
2026-03-15 01:18:20.504 [org.springframework.kafka.KafkaListenerEndpointContainer#0-0-C-1] INFO  o.a.k.c.c.i.ConsumerCoordinator - [Consumer clientId=consumer-notification-id-1, groupId=notification-id] Discovered group coordinator localhost:9092 (id: 2147483646 rack: null)
2026-03-15 01:18:20.528 [org.springframework.kafka.KafkaListenerEndpointContainer#0-0-C-1] INFO  o.a.k.c.c.i.ConsumerCoordinator - [Consumer clientId=consumer-notification-id-1, groupId=notification-id] (Re-)joining group
2026-03-15 01:18:20.607 [org.springframework.kafka.KafkaListenerEndpointContainer#0-0-C-1] INFO  o.a.k.c.c.i.ConsumerCoordinator - [Consumer clientId=consumer-notification-id-1, groupId=notification-id] Group coordinator localhost:9092 (id: 2147483646 rack: null) is unavailable or invalid due to cause: error response NOT_COORDINATOR. isDisconnected: false. Rediscovery will be attempted.
2026-03-15 01:18:20.608 [org.springframework.kafka.KafkaListenerEndpointContainer#0-0-C-1] INFO  o.a.k.c.c.i.ConsumerCoordinator - [Consumer clientId=consumer-notification-id-1, groupId=notification-id] Requesting disconnect from last known coordinator localhost:9092 (id: 2147483646 rack: null)
2026-03-15 01:18:20.608 [org.springframework.kafka.KafkaListenerEndpointContainer#0-0-C-1] INFO  o.a.k.c.c.i.ConsumerCoordinator - [Consumer clientId=consumer-notification-id-1, groupId=notification-id] JoinGroup failed: This is not the correct coordinator. Marking coordinator unknown. Sent generation was Generation{generationId=-1, memberId='', protocol='null'}
2026-03-15 01:18:20.608 [org.springframework.kafka.KafkaListenerEndpointContainer#0-0-C-1] INFO  o.apache.kafka.clients.NetworkClient - [Consumer clientId=consumer-notification-id-1, groupId=notification-id] Client requested disconnect from node 2147483646
2026-03-15 01:18:20.620 [org.springframework.kafka.KafkaListenerEndpointContainer#0-0-C-1] INFO  o.a.k.c.c.i.ConsumerCoordinator - [Consumer clientId=consumer-notification-id-1, groupId=notification-id] Discovered group coordinator localhost:9092 (id: 2147483646 rack: null)
2026-03-15 01:18:20.620 [org.springframework.kafka.KafkaListenerEndpointContainer#0-0-C-1] INFO  o.a.k.c.c.i.ConsumerCoordinator - [Consumer clientId=consumer-notification-id-1, groupId=notification-id] Group coordinator localhost:9092 (id: 2147483646 rack: null) is unavailable or invalid due to cause: coordinator unavailable. isDisconnected: false. Rediscovery will be attempted.
2026-03-15 01:18:20.620 [org.springframework.kafka.KafkaListenerEndpointContainer#0-0-C-1] INFO  o.a.k.c.c.i.ConsumerCoordinator - [Consumer clientId=consumer-notification-id-1, groupId=notification-id] Requesting disconnect from last known coordinator localhost:9092 (id: 2147483646 rack: null)
2026-03-15 01:18:20.722 [org.springframework.kafka.KafkaListenerEndpointContainer#0-0-C-1] INFO  o.a.k.c.c.i.ConsumerCoordinator - [Consumer clientId=consumer-notification-id-1, groupId=notification-id] Discovered group coordinator localhost:9092 (id: 2147483646 rack: null)
2026-03-15 01:18:20.726 [org.springframework.kafka.KafkaListenerEndpointContainer#0-0-C-1] INFO  o.a.k.c.c.i.ConsumerCoordinator - [Consumer clientId=consumer-notification-id-1, groupId=notification-id] Request joining group due to: rebalance failed due to 'This is not the correct coordinator.' (NotCoordinatorException)
2026-03-15 01:18:20.727 [org.springframework.kafka.KafkaListenerEndpointContainer#0-0-C-1] INFO  o.a.k.c.c.i.ConsumerCoordinator - [Consumer clientId=consumer-notification-id-1, groupId=notification-id] (Re-)joining group
2026-03-15 01:18:20.740 [org.springframework.kafka.KafkaListenerEndpointContainer#0-0-C-1] INFO  o.a.k.c.c.i.ConsumerCoordinator - [Consumer clientId=consumer-notification-id-1, groupId=notification-id] Group coordinator localhost:9092 (id: 2147483646 rack: null) is unavailable or invalid due to cause: error response NOT_COORDINATOR. isDisconnected: false. Rediscovery will be attempted.
2026-03-15 01:18:20.741 [org.springframework.kafka.KafkaListenerEndpointContainer#0-0-C-1] INFO  o.a.k.c.c.i.ConsumerCoordinator - [Consumer clientId=consumer-notification-id-1, groupId=notification-id] Requesting disconnect from last known coordinator localhost:9092 (id: 2147483646 rack: null)
2026-03-15 01:18:20.741 [org.springframework.kafka.KafkaListenerEndpointContainer#0-0-C-1] INFO  o.a.k.c.c.i.ConsumerCoordinator - [Consumer clientId=consumer-notification-id-1, groupId=notification-id] JoinGroup failed: This is not the correct coordinator. Marking coordinator unknown. Sent generation was Generation{generationId=-1, memberId='', protocol='null'}
2026-03-15 01:18:20.742 [org.springframework.kafka.KafkaListenerEndpointContainer#0-0-C-1] INFO  o.apache.kafka.clients.NetworkClient - [Consumer clientId=consumer-notification-id-1, groupId=notification-id] Client requested disconnect from node 2147483646
2026-03-15 01:18:20.761 [org.springframework.kafka.KafkaListenerEndpointContainer#0-0-C-1] INFO  o.a.k.c.c.i.ConsumerCoordinator - [Consumer clientId=consumer-notification-id-1, groupId=notification-id] Discovered group coordinator localhost:9092 (id: 2147483646 rack: null)
2026-03-15 01:18:20.765 [org.springframework.kafka.KafkaListenerEndpointContainer#0-0-C-1] INFO  o.a.k.c.c.i.ConsumerCoordinator - [Consumer clientId=consumer-notification-id-1, groupId=notification-id] Group coordinator localhost:9092 (id: 2147483646 rack: null) is unavailable or invalid due to cause: coordinator unavailable. isDisconnected: false. Rediscovery will be attempted.
2026-03-15 01:18:20.765 [org.springframework.kafka.KafkaListenerEndpointContainer#0-0-C-1] INFO  o.a.k.c.c.i.ConsumerCoordinator - [Consumer clientId=consumer-notification-id-1, groupId=notification-id] Requesting disconnect from last known coordinator localhost:9092 (id: 2147483646 rack: null)
2026-03-15 01:18:20.882 [org.springframework.kafka.KafkaListenerEndpointContainer#0-0-C-1] INFO  o.a.k.c.c.i.ConsumerCoordinator - [Consumer clientId=consumer-notification-id-1, groupId=notification-id] Discovered group coordinator localhost:9092 (id: 2147483646 rack: null)
2026-03-15 01:18:20.884 [org.springframework.kafka.KafkaListenerEndpointContainer#0-0-C-1] INFO  o.a.k.c.c.i.ConsumerCoordinator - [Consumer clientId=consumer-notification-id-1, groupId=notification-id] Request joining group due to: rebalance failed due to 'This is not the correct coordinator.' (NotCoordinatorException)
2026-03-15 01:18:20.885 [org.springframework.kafka.KafkaListenerEndpointContainer#0-0-C-1] INFO  o.a.k.c.c.i.ConsumerCoordinator - [Consumer clientId=consumer-notification-id-1, groupId=notification-id] (Re-)joining group
2026-03-15 01:18:20.893 [org.springframework.kafka.KafkaListenerEndpointContainer#0-0-C-1] INFO  o.a.k.c.c.i.ConsumerCoordinator - [Consumer clientId=consumer-notification-id-1, groupId=notification-id] Group coordinator localhost:9092 (id: 2147483646 rack: null) is unavailable or invalid due to cause: error response NOT_COORDINATOR. isDisconnected: false. Rediscovery will be attempted.
2026-03-15 01:18:20.893 [org.springframework.kafka.KafkaListenerEndpointContainer#0-0-C-1] INFO  o.a.k.c.c.i.ConsumerCoordinator - [Consumer clientId=consumer-notification-id-1, groupId=notification-id] Requesting disconnect from last known coordinator localhost:9092 (id: 2147483646 rack: null)
2026-03-15 01:18:20.893 [org.springframework.kafka.KafkaListenerEndpointContainer#0-0-C-1] INFO  o.a.k.c.c.i.ConsumerCoordinator - [Consumer clientId=consumer-notification-id-1, groupId=notification-id] JoinGroup failed: This is not the correct coordinator. Marking coordinator unknown. Sent generation was Generation{generationId=-1, memberId='', protocol='null'}
2026-03-15 01:18:20.893 [org.springframework.kafka.KafkaListenerEndpointContainer#0-0-C-1] INFO  o.apache.kafka.clients.NetworkClient - [Consumer clientId=consumer-notification-id-1, groupId=notification-id] Client requested disconnect from node 2147483646
2026-03-15 01:18:20.911 [org.springframework.kafka.KafkaListenerEndpointContainer#0-0-C-1] INFO  o.a.k.c.c.i.ConsumerCoordinator - [Consumer clientId=consumer-notification-id-1, groupId=notification-id] Discovered group coordinator localhost:9092 (id: 2147483646 rack: null)
2026-03-15 01:18:20.911 [org.springframework.kafka.KafkaListenerEndpointContainer#0-0-C-1] INFO  o.a.k.c.c.i.ConsumerCoordinator - [Consumer clientId=consumer-notification-id-1, groupId=notification-id] Group coordinator localhost:9092 (id: 2147483646 rack: null) is unavailable or invalid due to cause: coordinator unavailable. isDisconnected: false. Rediscovery will be attempted.
2026-03-15 01:18:20.911 [org.springframework.kafka.KafkaListenerEndpointContainer#0-0-C-1] INFO  o.a.k.c.c.i.ConsumerCoordinator - [Consumer clientId=consumer-notification-id-1, groupId=notification-id] Requesting disconnect from last known coordinator localhost:9092 (id: 2147483646 rack: null)
2026-03-15 01:18:21.022 [org.springframework.kafka.KafkaListenerEndpointContainer#0-0-C-1] INFO  o.a.k.c.c.i.ConsumerCoordinator - [Consumer clientId=consumer-notification-id-1, groupId=notification-id] Discovered group coordinator localhost:9092 (id: 2147483646 rack: null)
2026-03-15 01:18:21.025 [org.springframework.kafka.KafkaListenerEndpointContainer#0-0-C-1] INFO  o.a.k.c.c.i.ConsumerCoordinator - [Consumer clientId=consumer-notification-id-1, groupId=notification-id] Request joining group due to: rebalance failed due to 'This is not the correct coordinator.' (NotCoordinatorException)
2026-03-15 01:18:21.028 [org.springframework.kafka.KafkaListenerEndpointContainer#0-0-C-1] INFO  o.a.k.c.c.i.ConsumerCoordinator - [Consumer clientId=consumer-notification-id-1, groupId=notification-id] (Re-)joining group
2026-03-15 01:18:21.041 [org.springframework.kafka.KafkaListenerEndpointContainer#0-0-C-1] INFO  o.a.k.c.c.i.ConsumerCoordinator - [Consumer clientId=consumer-notification-id-1, groupId=notification-id] Group coordinator localhost:9092 (id: 2147483646 rack: null) is unavailable or invalid due to cause: error response NOT_COORDINATOR. isDisconnected: false. Rediscovery will be attempted.
2026-03-15 01:18:21.041 [org.springframework.kafka.KafkaListenerEndpointContainer#0-0-C-1] INFO  o.a.k.c.c.i.ConsumerCoordinator - [Consumer clientId=consumer-notification-id-1, groupId=notification-id] Requesting disconnect from last known coordinator localhost:9092 (id: 2147483646 rack: null)
2026-03-15 01:18:21.042 [org.springframework.kafka.KafkaListenerEndpointContainer#0-0-C-1] INFO  o.a.k.c.c.i.ConsumerCoordinator - [Consumer clientId=consumer-notification-id-1, groupId=notification-id] JoinGroup failed: This is not the correct coordinator. Marking coordinator unknown. Sent generation was Generation{generationId=-1, memberId='', protocol='null'}
2026-03-15 01:18:21.042 [org.springframework.kafka.KafkaListenerEndpointContainer#0-0-C-1] INFO  o.apache.kafka.clients.NetworkClient - [Consumer clientId=consumer-notification-id-1, groupId=notification-id] Client requested disconnect from node 2147483646
2026-03-15 01:18:21.047 [org.springframework.kafka.KafkaListenerEndpointContainer#0-0-C-1] INFO  o.a.k.c.c.i.ConsumerCoordinator - [Consumer clientId=consumer-notification-id-1, groupId=notification-id] Discovered group coordinator localhost:9092 (id: 2147483646 rack: null)
2026-03-15 01:18:21.047 [org.springframework.kafka.KafkaListenerEndpointContainer#0-0-C-1] INFO  o.a.k.c.c.i.ConsumerCoordinator - [Consumer clientId=consumer-notification-id-1, groupId=notification-id] Group coordinator localhost:9092 (id: 2147483646 rack: null) is unavailable or invalid due to cause: coordinator unavailable. isDisconnected: false. Rediscovery will be attempted.
2026-03-15 01:18:21.048 [org.springframework.kafka.KafkaListenerEndpointContainer#0-0-C-1] INFO  o.a.k.c.c.i.ConsumerCoordinator - [Consumer clientId=consumer-notification-id-1, groupId=notification-id] Requesting disconnect from last known coordinator localhost:9092 (id: 2147483646 rack: null)
2026-03-15 01:18:21.159 [org.springframework.kafka.KafkaListenerEndpointContainer#0-0-C-1] INFO  o.a.k.c.c.i.ConsumerCoordinator - [Consumer clientId=consumer-notification-id-1, groupId=notification-id] Discovered group coordinator localhost:9092 (id: 2147483646 rack: null)
2026-03-15 01:18:21.163 [org.springframework.kafka.KafkaListenerEndpointContainer#0-0-C-1] INFO  o.a.k.c.c.i.ConsumerCoordinator - [Consumer clientId=consumer-notification-id-1, groupId=notification-id] Request joining group due to: rebalance failed due to 'This is not the correct coordinator.' (NotCoordinatorException)
2026-03-15 01:18:21.164 [org.springframework.kafka.KafkaListenerEndpointContainer#0-0-C-1] INFO  o.a.k.c.c.i.ConsumerCoordinator - [Consumer clientId=consumer-notification-id-1, groupId=notification-id] (Re-)joining group
2026-03-15 01:18:21.191 [org.springframework.kafka.KafkaListenerEndpointContainer#0-0-C-1] INFO  o.a.k.c.c.i.ConsumerCoordinator - [Consumer clientId=consumer-notification-id-1, groupId=notification-id] Group coordinator localhost:9092 (id: 2147483646 rack: null) is unavailable or invalid due to cause: error response NOT_COORDINATOR. isDisconnected: false. Rediscovery will be attempted.
2026-03-15 01:18:21.191 [org.springframework.kafka.KafkaListenerEndpointContainer#0-0-C-1] INFO  o.a.k.c.c.i.ConsumerCoordinator - [Consumer clientId=consumer-notification-id-1, groupId=notification-id] Requesting disconnect from last known coordinator localhost:9092 (id: 2147483646 rack: null)
2026-03-15 01:18:21.192 [org.springframework.kafka.KafkaListenerEndpointContainer#0-0-C-1] INFO  o.a.k.c.c.i.ConsumerCoordinator - [Consumer clientId=consumer-notification-id-1, groupId=notification-id] JoinGroup failed: This is not the correct coordinator. Marking coordinator unknown. Sent generation was Generation{generationId=-1, memberId='', protocol='null'}
2026-03-15 01:18:21.192 [org.springframework.kafka.KafkaListenerEndpointContainer#0-0-C-1] INFO  o.apache.kafka.clients.NetworkClient - [Consumer clientId=consumer-notification-id-1, groupId=notification-id] Client requested disconnect from node 2147483646
2026-03-15 01:18:21.199 [org.springframework.kafka.KafkaListenerEndpointContainer#0-0-C-1] INFO  o.a.k.c.c.i.ConsumerCoordinator - [Consumer clientId=consumer-notification-id-1, groupId=notification-id] Discovered group coordinator localhost:9092 (id: 2147483646 rack: null)
2026-03-15 01:18:21.199 [org.springframework.kafka.KafkaListenerEndpointContainer#0-0-C-1] INFO  o.a.k.c.c.i.ConsumerCoordinator - [Consumer clientId=consumer-notification-id-1, groupId=notification-id] Group coordinator localhost:9092 (id: 2147483646 rack: null) is unavailable or invalid due to cause: coordinator unavailable. isDisconnected: false. Rediscovery will be attempted.
2026-03-15 01:18:21.199 [org.springframework.kafka.KafkaListenerEndpointContainer#0-0-C-1] INFO  o.a.k.c.c.i.ConsumerCoordinator - [Consumer clientId=consumer-notification-id-1, groupId=notification-id] Requesting disconnect from last known coordinator localhost:9092 (id: 2147483646 rack: null)
2026-03-15 01:18:21.295 [org.springframework.kafka.KafkaListenerEndpointContainer#0-0-C-1] INFO  o.a.k.c.c.i.ConsumerCoordinator - [Consumer clientId=consumer-notification-id-1, groupId=notification-id] Discovered group coordinator localhost:9092 (id: 2147483646 rack: null)
2026-03-15 01:18:21.297 [org.springframework.kafka.KafkaListenerEndpointContainer#0-0-C-1] INFO  o.a.k.c.c.i.ConsumerCoordinator - [Consumer clientId=consumer-notification-id-1, groupId=notification-id] Request joining group due to: rebalance failed due to 'This is not the correct coordinator.' (NotCoordinatorException)
2026-03-15 01:18:21.297 [org.springframework.kafka.KafkaListenerEndpointContainer#0-0-C-1] INFO  o.a.k.c.c.i.ConsumerCoordinator - [Consumer clientId=consumer-notification-id-1, groupId=notification-id] (Re-)joining group
2026-03-15 01:18:21.306 [org.springframework.kafka.KafkaListenerEndpointContainer#0-0-C-1] INFO  o.a.k.c.c.i.ConsumerCoordinator - [Consumer clientId=consumer-notification-id-1, groupId=notification-id] Group coordinator localhost:9092 (id: 2147483646 rack: null) is unavailable or invalid due to cause: error response NOT_COORDINATOR. isDisconnected: false. Rediscovery will be attempted.
2026-03-15 01:18:21.306 [org.springframework.kafka.KafkaListenerEndpointContainer#0-0-C-1] INFO  o.a.k.c.c.i.ConsumerCoordinator - [Consumer clientId=consumer-notification-id-1, groupId=notification-id] Requesting disconnect from last known coordinator localhost:9092 (id: 2147483646 rack: null)
2026-03-15 01:18:21.306 [org.springframework.kafka.KafkaListenerEndpointContainer#0-0-C-1] INFO  o.a.k.c.c.i.ConsumerCoordinator - [Consumer clientId=consumer-notification-id-1, groupId=notification-id] JoinGroup failed: This is not the correct coordinator. Marking coordinator unknown. Sent generation was Generation{generationId=-1, memberId='', protocol='null'}
2026-03-15 01:18:21.306 [org.springframework.kafka.KafkaListenerEndpointContainer#0-0-C-1] INFO  o.apache.kafka.clients.NetworkClient - [Consumer clientId=consumer-notification-id-1, groupId=notification-id] Client requested disconnect from node 2147483646
2026-03-15 01:18:21.315 [org.springframework.kafka.KafkaListenerEndpointContainer#0-0-C-1] INFO  o.a.k.c.c.i.ConsumerCoordinator - [Consumer clientId=consumer-notification-id-1, groupId=notification-id] Discovered group coordinator localhost:9092 (id: 2147483646 rack: null)
2026-03-15 01:18:21.316 [org.springframework.kafka.KafkaListenerEndpointContainer#0-0-C-1] INFO  o.a.k.c.c.i.ConsumerCoordinator - [Consumer clientId=consumer-notification-id-1, groupId=notification-id] Group coordinator localhost:9092 (id: 2147483646 rack: null) is unavailable or invalid due to cause: coordinator unavailable. isDisconnected: false. Rediscovery will be attempted.
2026-03-15 01:18:21.316 [org.springframework.kafka.KafkaListenerEndpointContainer#0-0-C-1] INFO  o.a.k.c.c.i.ConsumerCoordinator - [Consumer clientId=consumer-notification-id-1, groupId=notification-id] Requesting disconnect from last known coordinator localhost:9092 (id: 2147483646 rack: null)
2026-03-15 01:18:21.431 [org.springframework.kafka.KafkaListenerEndpointContainer#0-0-C-1] INFO  o.a.k.c.c.i.ConsumerCoordinator - [Consumer clientId=consumer-notification-id-1, groupId=notification-id] Discovered group coordinator localhost:9092 (id: 2147483646 rack: null)
2026-03-15 01:18:21.436 [org.springframework.kafka.KafkaListenerEndpointContainer#0-0-C-1] INFO  o.a.k.c.c.i.ConsumerCoordinator - [Consumer clientId=consumer-notification-id-1, groupId=notification-id] Request joining group due to: rebalance failed due to 'This is not the correct coordinator.' (NotCoordinatorException)
2026-03-15 01:18:21.438 [org.springframework.kafka.KafkaListenerEndpointContainer#0-0-C-1] INFO  o.a.k.c.c.i.ConsumerCoordinator - [Consumer clientId=consumer-notification-id-1, groupId=notification-id] (Re-)joining group
2026-03-15 01:18:21.445 [org.springframework.kafka.KafkaListenerEndpointContainer#0-0-C-1] INFO  o.a.k.c.c.i.ConsumerCoordinator - [Consumer clientId=consumer-notification-id-1, groupId=notification-id] Group coordinator localhost:9092 (id: 2147483646 rack: null) is unavailable or invalid due to cause: error response NOT_COORDINATOR. isDisconnected: false. Rediscovery will be attempted.
2026-03-15 01:18:21.445 [org.springframework.kafka.KafkaListenerEndpointContainer#0-0-C-1] INFO  o.a.k.c.c.i.ConsumerCoordinator - [Consumer clientId=consumer-notification-id-1, groupId=notification-id] Requesting disconnect from last known coordinator localhost:9092 (id: 2147483646 rack: null)
2026-03-15 01:18:21.445 [org.springframework.kafka.KafkaListenerEndpointContainer#0-0-C-1] INFO  o.a.k.c.c.i.ConsumerCoordinator - [Consumer clientId=consumer-notification-id-1, groupId=notification-id] JoinGroup failed: This is not the correct coordinator. Marking coordinator unknown. Sent generation was Generation{generationId=-1, memberId='', protocol='null'}
2026-03-15 01:18:21.446 [org.springframework.kafka.KafkaListenerEndpointContainer#0-0-C-1] INFO  o.apache.kafka.clients.NetworkClient - [Consumer clientId=consumer-notification-id-1, groupId=notification-id] Client requested disconnect from node 2147483646
2026-03-15 01:18:21.452 [org.springframework.kafka.KafkaListenerEndpointContainer#0-0-C-1] INFO  o.a.k.c.c.i.ConsumerCoordinator - [Consumer clientId=consumer-notification-id-1, groupId=notification-id] Discovered group coordinator localhost:9092 (id: 2147483646 rack: null)
2026-03-15 01:18:21.453 [org.springframework.kafka.KafkaListenerEndpointContainer#0-0-C-1] INFO  o.a.k.c.c.i.ConsumerCoordinator - [Consumer clientId=consumer-notification-id-1, groupId=notification-id] Group coordinator localhost:9092 (id: 2147483646 rack: null) is unavailable or invalid due to cause: coordinator unavailable. isDisconnected: false. Rediscovery will be attempted.
2026-03-15 01:18:21.453 [org.springframework.kafka.KafkaListenerEndpointContainer#0-0-C-1] INFO  o.a.k.c.c.i.ConsumerCoordinator - [Consumer clientId=consumer-notification-id-1, groupId=notification-id] Requesting disconnect from last known coordinator localhost:9092 (id: 2147483646 rack: null)
2026-03-15 01:18:21.556 [org.springframework.kafka.KafkaListenerEndpointContainer#0-0-C-1] INFO  o.a.k.c.c.i.ConsumerCoordinator - [Consumer clientId=consumer-notification-id-1, groupId=notification-id] Discovered group coordinator localhost:9092 (id: 2147483646 rack: null)
2026-03-15 01:18:21.559 [org.springframework.kafka.KafkaListenerEndpointContainer#0-0-C-1] INFO  o.a.k.c.c.i.ConsumerCoordinator - [Consumer clientId=consumer-notification-id-1, groupId=notification-id] Request joining group due to: rebalance failed due to 'This is not the correct coordinator.' (NotCoordinatorException)
2026-03-15 01:18:21.560 [org.springframework.kafka.KafkaListenerEndpointContainer#0-0-C-1] INFO  o.a.k.c.c.i.ConsumerCoordinator - [Consumer clientId=consumer-notification-id-1, groupId=notification-id] (Re-)joining group
2026-03-15 01:18:21.567 [org.springframework.kafka.KafkaListenerEndpointContainer#0-0-C-1] INFO  o.a.k.c.c.i.ConsumerCoordinator - [Consumer clientId=consumer-notification-id-1, groupId=notification-id] Group coordinator localhost:9092 (id: 2147483646 rack: null) is unavailable or invalid due to cause: error response NOT_COORDINATOR. isDisconnected: false. Rediscovery will be attempted.
2026-03-15 01:18:21.567 [org.springframework.kafka.KafkaListenerEndpointContainer#0-0-C-1] INFO  o.a.k.c.c.i.ConsumerCoordinator - [Consumer clientId=consumer-notification-id-1, groupId=notification-id] Requesting disconnect from last known coordinator localhost:9092 (id: 2147483646 rack: null)
2026-03-15 01:18:21.567 [org.springframework.kafka.KafkaListenerEndpointContainer#0-0-C-1] INFO  o.a.k.c.c.i.ConsumerCoordinator - [Consumer clientId=consumer-notification-id-1, groupId=notification-id] JoinGroup failed: This is not the correct coordinator. Marking coordinator unknown. Sent generation was Generation{generationId=-1, memberId='', protocol='null'}
2026-03-15 01:18:21.568 [org.springframework.kafka.KafkaListenerEndpointContainer#0-0-C-1] INFO  o.apache.kafka.clients.NetworkClient - [Consumer clientId=consumer-notification-id-1, groupId=notification-id] Client requested disconnect from node 2147483646
2026-03-15 01:18:21.577 [org.springframework.kafka.KafkaListenerEndpointContainer#0-0-C-1] INFO  o.a.k.c.c.i.ConsumerCoordinator - [Consumer clientId=consumer-notification-id-1, groupId=notification-id] Discovered group coordinator localhost:9092 (id: 2147483646 rack: null)
2026-03-15 01:18:21.578 [org.springframework.kafka.KafkaListenerEndpointContainer#0-0-C-1] INFO  o.a.k.c.c.i.ConsumerCoordinator - [Consumer clientId=consumer-notification-id-1, groupId=notification-id] Group coordinator localhost:9092 (id: 2147483646 rack: null) is unavailable or invalid due to cause: coordinator unavailable. isDisconnected: false. Rediscovery will be attempted.
2026-03-15 01:18:21.578 [org.springframework.kafka.KafkaListenerEndpointContainer#0-0-C-1] INFO  o.a.k.c.c.i.ConsumerCoordinator - [Consumer clientId=consumer-notification-id-1, groupId=notification-id] Requesting disconnect from last known coordinator localhost:9092 (id: 2147483646 rack: null)
2026-03-15 01:18:21.693 [org.springframework.kafka.KafkaListenerEndpointContainer#0-0-C-1] INFO  o.a.k.c.c.i.ConsumerCoordinator - [Consumer clientId=consumer-notification-id-1, groupId=notification-id] Discovered group coordinator localhost:9092 (id: 2147483646 rack: null)
2026-03-15 01:18:21.697 [org.springframework.kafka.KafkaListenerEndpointContainer#0-0-C-1] INFO  o.a.k.c.c.i.ConsumerCoordinator - [Consumer clientId=consumer-notification-id-1, groupId=notification-id] Request joining group due to: rebalance failed due to 'This is not the correct coordinator.' (NotCoordinatorException)
2026-03-15 01:18:21.698 [org.springframework.kafka.KafkaListenerEndpointContainer#0-0-C-1] INFO  o.a.k.c.c.i.ConsumerCoordinator - [Consumer clientId=consumer-notification-id-1, groupId=notification-id] (Re-)joining group
2026-03-15 01:18:21.710 [org.springframework.kafka.KafkaListenerEndpointContainer#0-0-C-1] INFO  o.a.k.c.c.i.ConsumerCoordinator - [Consumer clientId=consumer-notification-id-1, groupId=notification-id] Group coordinator localhost:9092 (id: 2147483646 rack: null) is unavailable or invalid due to cause: error response NOT_COORDINATOR. isDisconnected: false. Rediscovery will be attempted.
2026-03-15 01:18:21.710 [org.springframework.kafka.KafkaListenerEndpointContainer#0-0-C-1] INFO  o.a.k.c.c.i.ConsumerCoordinator - [Consumer clientId=consumer-notification-id-1, groupId=notification-id] Requesting disconnect from last known coordinator localhost:9092 (id: 2147483646 rack: null)
2026-03-15 01:18:21.710 [org.springframework.kafka.KafkaListenerEndpointContainer#0-0-C-1] INFO  o.a.k.c.c.i.ConsumerCoordinator - [Consumer clientId=consumer-notification-id-1, groupId=notification-id] JoinGroup failed: This is not the correct coordinator. Marking coordinator unknown. Sent generation was Generation{generationId=-1, memberId='', protocol='null'}
2026-03-15 01:18:21.710 [org.springframework.kafka.KafkaListenerEndpointContainer#0-0-C-1] INFO  o.apache.kafka.clients.NetworkClient - [Consumer clientId=consumer-notification-id-1, groupId=notification-id] Client requested disconnect from node 2147483646
2026-03-15 01:18:21.716 [org.springframework.kafka.KafkaListenerEndpointContainer#0-0-C-1] INFO  o.a.k.c.c.i.ConsumerCoordinator - [Consumer clientId=consumer-notification-id-1, groupId=notification-id] Discovered group coordinator localhost:9092 (id: 2147483646 rack: null)
2026-03-15 01:18:21.716 [org.springframework.kafka.KafkaListenerEndpointContainer#0-0-C-1] INFO  o.a.k.c.c.i.ConsumerCoordinator - [Consumer clientId=consumer-notification-id-1, groupId=notification-id] Group coordinator localhost:9092 (id: 2147483646 rack: null) is unavailable or invalid due to cause: coordinator unavailable. isDisconnected: false. Rediscovery will be attempted.
2026-03-15 01:18:21.716 [org.springframework.kafka.KafkaListenerEndpointContainer#0-0-C-1] INFO  o.a.k.c.c.i.ConsumerCoordinator - [Consumer clientId=consumer-notification-id-1, groupId=notification-id] Requesting disconnect from last known coordinator localhost:9092 (id: 2147483646 rack: null)
2026-03-15 01:18:21.804 [org.springframework.kafka.KafkaListenerEndpointContainer#0-0-C-1] INFO  o.a.k.c.c.i.ConsumerCoordinator - [Consumer clientId=consumer-notification-id-1, groupId=notification-id] Discovered group coordinator localhost:9092 (id: 2147483646 rack: null)
2026-03-15 01:18:21.807 [org.springframework.kafka.KafkaListenerEndpointContainer#0-0-C-1] INFO  o.a.k.c.c.i.ConsumerCoordinator - [Consumer clientId=consumer-notification-id-1, groupId=notification-id] Request joining group due to: rebalance failed due to 'This is not the correct coordinator.' (NotCoordinatorException)
2026-03-15 01:18:21.808 [org.springframework.kafka.KafkaListenerEndpointContainer#0-0-C-1] INFO  o.a.k.c.c.i.ConsumerCoordinator - [Consumer clientId=consumer-notification-id-1, groupId=notification-id] (Re-)joining group
2026-03-15 01:18:21.817 [org.springframework.kafka.KafkaListenerEndpointContainer#0-0-C-1] INFO  o.a.k.c.c.i.ConsumerCoordinator - [Consumer clientId=consumer-notification-id-1, groupId=notification-id] Group coordinator localhost:9092 (id: 2147483646 rack: null) is unavailable or invalid due to cause: error response NOT_COORDINATOR. isDisconnected: false. Rediscovery will be attempted.
2026-03-15 01:18:21.817 [org.springframework.kafka.KafkaListenerEndpointContainer#0-0-C-1] INFO  o.a.k.c.c.i.ConsumerCoordinator - [Consumer clientId=consumer-notification-id-1, groupId=notification-id] Requesting disconnect from last known coordinator localhost:9092 (id: 2147483646 rack: null)
2026-03-15 01:18:21.817 [org.springframework.kafka.KafkaListenerEndpointContainer#0-0-C-1] INFO  o.a.k.c.c.i.ConsumerCoordinator - [Consumer clientId=consumer-notification-id-1, groupId=notification-id] JoinGroup failed: This is not the correct coordinator. Marking coordinator unknown. Sent generation was Generation{generationId=-1, memberId='', protocol='null'}
2026-03-15 01:18:21.817 [org.springframework.kafka.KafkaListenerEndpointContainer#0-0-C-1] INFO  o.apache.kafka.clients.NetworkClient - [Consumer clientId=consumer-notification-id-1, groupId=notification-id] Client requested disconnect from node 2147483646
2026-03-15 01:18:21.821 [org.springframework.kafka.KafkaListenerEndpointContainer#0-0-C-1] INFO  o.a.k.c.c.i.ConsumerCoordinator - [Consumer clientId=consumer-notification-id-1, groupId=notification-id] Discovered group coordinator localhost:9092 (id: 2147483646 rack: null)
2026-03-15 01:18:21.822 [org.springframework.kafka.KafkaListenerEndpointContainer#0-0-C-1] INFO  o.a.k.c.c.i.ConsumerCoordinator - [Consumer clientId=consumer-notification-id-1, groupId=notification-id] Group coordinator localhost:9092 (id: 2147483646 rack: null) is unavailable or invalid due to cause: coordinator unavailable. isDisconnected: false. Rediscovery will be attempted.
2026-03-15 01:18:21.822 [org.springframework.kafka.KafkaListenerEndpointContainer#0-0-C-1] INFO  o.a.k.c.c.i.ConsumerCoordinator - [Consumer clientId=consumer-notification-id-1, groupId=notification-id] Requesting disconnect from last known coordinator localhost:9092 (id: 2147483646 rack: null)
2026-03-15 01:18:21.945 [org.springframework.kafka.KafkaListenerEndpointContainer#0-0-C-1] INFO  o.a.k.c.c.i.ConsumerCoordinator - [Consumer clientId=consumer-notification-id-1, groupId=notification-id] Discovered group coordinator localhost:9092 (id: 2147483646 rack: null)
2026-03-15 01:18:21.949 [org.springframework.kafka.KafkaListenerEndpointContainer#0-0-C-1] INFO  o.a.k.c.c.i.ConsumerCoordinator - [Consumer clientId=consumer-notification-id-1, groupId=notification-id] Request joining group due to: rebalance failed due to 'This is not the correct coordinator.' (NotCoordinatorException)
2026-03-15 01:18:21.950 [org.springframework.kafka.KafkaListenerEndpointContainer#0-0-C-1] INFO  o.a.k.c.c.i.ConsumerCoordinator - [Consumer clientId=consumer-notification-id-1, groupId=notification-id] (Re-)joining group
2026-03-15 01:18:21.961 [org.springframework.kafka.KafkaListenerEndpointContainer#0-0-C-1] INFO  o.a.k.c.c.i.ConsumerCoordinator - [Consumer clientId=consumer-notification-id-1, groupId=notification-id] Group coordinator localhost:9092 (id: 2147483646 rack: null) is unavailable or invalid due to cause: error response NOT_COORDINATOR. isDisconnected: false. Rediscovery will be attempted.
2026-03-15 01:18:21.961 [org.springframework.kafka.KafkaListenerEndpointContainer#0-0-C-1] INFO  o.a.k.c.c.i.ConsumerCoordinator - [Consumer clientId=consumer-notification-id-1, groupId=notification-id] Requesting disconnect from last known coordinator localhost:9092 (id: 2147483646 rack: null)
2026-03-15 01:18:21.961 [org.springframework.kafka.KafkaListenerEndpointContainer#0-0-C-1] INFO  o.a.k.c.c.i.ConsumerCoordinator - [Consumer clientId=consumer-notification-id-1, groupId=notification-id] JoinGroup failed: This is not the correct coordinator. Marking coordinator unknown. Sent generation was Generation{generationId=-1, memberId='', protocol='null'}
2026-03-15 01:18:21.962 [org.springframework.kafka.KafkaListenerEndpointContainer#0-0-C-1] INFO  o.apache.kafka.clients.NetworkClient - [Consumer clientId=consumer-notification-id-1, groupId=notification-id] Client requested disconnect from node 2147483646
2026-03-15 01:18:21.967 [org.springframework.kafka.KafkaListenerEndpointContainer#0-0-C-1] INFO  o.a.k.c.c.i.ConsumerCoordinator - [Consumer clientId=consumer-notification-id-1, groupId=notification-id] Discovered group coordinator localhost:9092 (id: 2147483646 rack: null)
2026-03-15 01:18:21.967 [org.springframework.kafka.KafkaListenerEndpointContainer#0-0-C-1] INFO  o.a.k.c.c.i.ConsumerCoordinator - [Consumer clientId=consumer-notification-id-1, groupId=notification-id] Group coordinator localhost:9092 (id: 2147483646 rack: null) is unavailable or invalid due to cause: coordinator unavailable. isDisconnected: false. Rediscovery will be attempted.
2026-03-15 01:18:21.967 [org.springframework.kafka.KafkaListenerEndpointContainer#0-0-C-1] INFO  o.a.k.c.c.i.ConsumerCoordinator - [Consumer clientId=consumer-notification-id-1, groupId=notification-id] Requesting disconnect from last known coordinator localhost:9092 (id: 2147483646 rack: null)
2026-03-15 01:18:22.082 [org.springframework.kafka.KafkaListenerEndpointContainer#0-0-C-1] INFO  o.a.k.c.c.i.ConsumerCoordinator - [Consumer clientId=consumer-notification-id-1, groupId=notification-id] Discovered group coordinator localhost:9092 (id: 2147483646 rack: null)
2026-03-15 01:18:22.086 [org.springframework.kafka.KafkaListenerEndpointContainer#0-0-C-1] INFO  o.a.k.c.c.i.ConsumerCoordinator - [Consumer clientId=consumer-notification-id-1, groupId=notification-id] Request joining group due to: rebalance failed due to 'This is not the correct coordinator.' (NotCoordinatorException)
2026-03-15 01:18:22.087 [org.springframework.kafka.KafkaListenerEndpointContainer#0-0-C-1] INFO  o.a.k.c.c.i.ConsumerCoordinator - [Consumer clientId=consumer-notification-id-1, groupId=notification-id] (Re-)joining group
2026-03-15 01:18:22.095 [org.springframework.kafka.KafkaListenerEndpointContainer#0-0-C-1] INFO  o.a.k.c.c.i.ConsumerCoordinator - [Consumer clientId=consumer-notification-id-1, groupId=notification-id] Group coordinator localhost:9092 (id: 2147483646 rack: null) is unavailable or invalid due to cause: error response NOT_COORDINATOR. isDisconnected: false. Rediscovery will be attempted.
2026-03-15 01:18:22.095 [org.springframework.kafka.KafkaListenerEndpointContainer#0-0-C-1] INFO  o.a.k.c.c.i.ConsumerCoordinator - [Consumer clientId=consumer-notification-id-1, groupId=notification-id] Requesting disconnect from last known coordinator localhost:9092 (id: 2147483646 rack: null)
2026-03-15 01:18:22.095 [org.springframework.kafka.KafkaListenerEndpointContainer#0-0-C-1] INFO  o.a.k.c.c.i.ConsumerCoordinator - [Consumer clientId=consumer-notification-id-1, groupId=notification-id] JoinGroup failed: This is not the correct coordinator. Marking coordinator unknown. Sent generation was Generation{generationId=-1, memberId='', protocol='null'}
2026-03-15 01:18:22.095 [org.springframework.kafka.KafkaListenerEndpointContainer#0-0-C-1] INFO  o.apache.kafka.clients.NetworkClient - [Consumer clientId=consumer-notification-id-1, groupId=notification-id] Client requested disconnect from node 2147483646
2026-03-15 01:18:22.101 [org.springframework.kafka.KafkaListenerEndpointContainer#0-0-C-1] INFO  o.a.k.c.c.i.ConsumerCoordinator - [Consumer clientId=consumer-notification-id-1, groupId=notification-id] Discovered group coordinator localhost:9092 (id: 2147483646 rack: null)
2026-03-15 01:18:22.101 [org.springframework.kafka.KafkaListenerEndpointContainer#0-0-C-1] INFO  o.a.k.c.c.i.ConsumerCoordinator - [Consumer clientId=consumer-notification-id-1, groupId=notification-id] Group coordinator localhost:9092 (id: 2147483646 rack: null) is unavailable or invalid due to cause: coordinator unavailable. isDisconnected: false. Rediscovery will be attempted.
2026-03-15 01:18:22.101 [org.springframework.kafka.KafkaListenerEndpointContainer#0-0-C-1] INFO  o.a.k.c.c.i.ConsumerCoordinator - [Consumer clientId=consumer-notification-id-1, groupId=notification-id] Requesting disconnect from last known coordinator localhost:9092 (id: 2147483646 rack: null)
2026-03-15 01:18:22.214 [org.springframework.kafka.KafkaListenerEndpointContainer#0-0-C-1] INFO  o.a.k.c.c.i.ConsumerCoordinator - [Consumer clientId=consumer-notification-id-1, groupId=notification-id] Discovered group coordinator localhost:9092 (id: 2147483646 rack: null)
2026-03-15 01:18:22.218 [org.springframework.kafka.KafkaListenerEndpointContainer#0-0-C-1] INFO  o.a.k.c.c.i.ConsumerCoordinator - [Consumer clientId=consumer-notification-id-1, groupId=notification-id] Request joining group due to: rebalance failed due to 'This is not the correct coordinator.' (NotCoordinatorException)
2026-03-15 01:18:22.220 [org.springframework.kafka.KafkaListenerEndpointContainer#0-0-C-1] INFO  o.a.k.c.c.i.ConsumerCoordinator - [Consumer clientId=consumer-notification-id-1, groupId=notification-id] (Re-)joining group
2026-03-15 01:18:22.229 [org.springframework.kafka.KafkaListenerEndpointContainer#0-0-C-1] INFO  o.a.k.c.c.i.ConsumerCoordinator - [Consumer clientId=consumer-notification-id-1, groupId=notification-id] Group coordinator localhost:9092 (id: 2147483646 rack: null) is unavailable or invalid due to cause: error response NOT_COORDINATOR. isDisconnected: false. Rediscovery will be attempted.
2026-03-15 01:18:22.229 [org.springframework.kafka.KafkaListenerEndpointContainer#0-0-C-1] INFO  o.a.k.c.c.i.ConsumerCoordinator - [Consumer clientId=consumer-notification-id-1, groupId=notification-id] Requesting disconnect from last known coordinator localhost:9092 (id: 2147483646 rack: null)
2026-03-15 01:18:22.229 [org.springframework.kafka.KafkaListenerEndpointContainer#0-0-C-1] INFO  o.a.k.c.c.i.ConsumerCoordinator - [Consumer clientId=consumer-notification-id-1, groupId=notification-id] JoinGroup failed: This is not the correct coordinator. Marking coordinator unknown. Sent generation was Generation{generationId=-1, memberId='', protocol='null'}
2026-03-15 01:18:22.229 [org.springframework.kafka.KafkaListenerEndpointContainer#0-0-C-1] INFO  o.apache.kafka.clients.NetworkClient - [Consumer clientId=consumer-notification-id-1, groupId=notification-id] Client requested disconnect from node 2147483646
2026-03-15 01:18:22.239 [org.springframework.kafka.KafkaListenerEndpointContainer#0-0-C-1] INFO  o.a.k.c.c.i.ConsumerCoordinator - [Consumer clientId=consumer-notification-id-1, groupId=notification-id] Discovered group coordinator localhost:9092 (id: 2147483646 rack: null)
2026-03-15 01:18:22.239 [org.springframework.kafka.KafkaListenerEndpointContainer#0-0-C-1] INFO  o.a.k.c.c.i.ConsumerCoordinator - [Consumer clientId=consumer-notification-id-1, groupId=notification-id] Group coordinator localhost:9092 (id: 2147483646 rack: null) is unavailable or invalid due to cause: coordinator unavailable. isDisconnected: false. Rediscovery will be attempted.
2026-03-15 01:18:22.239 [org.springframework.kafka.KafkaListenerEndpointContainer#0-0-C-1] INFO  o.a.k.c.c.i.ConsumerCoordinator - [Consumer clientId=consumer-notification-id-1, groupId=notification-id] Requesting disconnect from last known coordinator localhost:9092 (id: 2147483646 rack: null)
2026-03-15 01:18:22.357 [org.springframework.kafka.KafkaListenerEndpointContainer#0-0-C-1] INFO  o.a.k.c.c.i.ConsumerCoordinator - [Consumer clientId=consumer-notification-id-1, groupId=notification-id] Discovered group coordinator localhost:9092 (id: 2147483646 rack: null)
2026-03-15 01:18:22.359 [org.springframework.kafka.KafkaListenerEndpointContainer#0-0-C-1] INFO  o.a.k.c.c.i.ConsumerCoordinator - [Consumer clientId=consumer-notification-id-1, groupId=notification-id] Request joining group due to: rebalance failed due to 'This is not the correct coordinator.' (NotCoordinatorException)
2026-03-15 01:18:22.360 [org.springframework.kafka.KafkaListenerEndpointContainer#0-0-C-1] INFO  o.a.k.c.c.i.ConsumerCoordinator - [Consumer clientId=consumer-notification-id-1, groupId=notification-id] (Re-)joining group
2026-03-15 01:18:22.368 [org.springframework.kafka.KafkaListenerEndpointContainer#0-0-C-1] INFO  o.a.k.c.c.i.ConsumerCoordinator - [Consumer clientId=consumer-notification-id-1, groupId=notification-id] Group coordinator localhost:9092 (id: 2147483646 rack: null) is unavailable or invalid due to cause: error response NOT_COORDINATOR. isDisconnected: false. Rediscovery will be attempted.
2026-03-15 01:18:22.368 [org.springframework.kafka.KafkaListenerEndpointContainer#0-0-C-1] INFO  o.a.k.c.c.i.ConsumerCoordinator - [Consumer clientId=consumer-notification-id-1, groupId=notification-id] Requesting disconnect from last known coordinator localhost:9092 (id: 2147483646 rack: null)
2026-03-15 01:18:22.368 [org.springframework.kafka.KafkaListenerEndpointContainer#0-0-C-1] INFO  o.a.k.c.c.i.ConsumerCoordinator - [Consumer clientId=consumer-notification-id-1, groupId=notification-id] JoinGroup failed: This is not the correct coordinator. Marking coordinator unknown. Sent generation was Generation{generationId=-1, memberId='', protocol='null'}
2026-03-15 01:18:22.369 [org.springframework.kafka.KafkaListenerEndpointContainer#0-0-C-1] INFO  o.apache.kafka.clients.NetworkClient - [Consumer clientId=consumer-notification-id-1, groupId=notification-id] Client requested disconnect from node 2147483646
2026-03-15 01:18:22.374 [org.springframework.kafka.KafkaListenerEndpointContainer#0-0-C-1] INFO  o.a.k.c.c.i.ConsumerCoordinator - [Consumer clientId=consumer-notification-id-1, groupId=notification-id] Discovered group coordinator localhost:9092 (id: 2147483646 rack: null)
2026-03-15 01:18:22.374 [org.springframework.kafka.KafkaListenerEndpointContainer#0-0-C-1] INFO  o.a.k.c.c.i.ConsumerCoordinator - [Consumer clientId=consumer-notification-id-1, groupId=notification-id] Group coordinator localhost:9092 (id: 2147483646 rack: null) is unavailable or invalid due to cause: coordinator unavailable. isDisconnected: false. Rediscovery will be attempted.
2026-03-15 01:18:22.374 [org.springframework.kafka.KafkaListenerEndpointContainer#0-0-C-1] INFO  o.a.k.c.c.i.ConsumerCoordinator - [Consumer clientId=consumer-notification-id-1, groupId=notification-id] Requesting disconnect from last known coordinator localhost:9092 (id: 2147483646 rack: null)
2026-03-15 01:18:22.485 [org.springframework.kafka.KafkaListenerEndpointContainer#0-0-C-1] INFO  o.a.k.c.c.i.ConsumerCoordinator - [Consumer clientId=consumer-notification-id-1, groupId=notification-id] Discovered group coordinator localhost:9092 (id: 2147483646 rack: null)
2026-03-15 01:18:22.489 [org.springframework.kafka.KafkaListenerEndpointContainer#0-0-C-1] INFO  o.a.k.c.c.i.ConsumerCoordinator - [Consumer clientId=consumer-notification-id-1, groupId=notification-id] Request joining group due to: rebalance failed due to 'This is not the correct coordinator.' (NotCoordinatorException)
2026-03-15 01:18:22.489 [org.springframework.kafka.KafkaListenerEndpointContainer#0-0-C-1] INFO  o.a.k.c.c.i.ConsumerCoordinator - [Consumer clientId=consumer-notification-id-1, groupId=notification-id] (Re-)joining group
2026-03-15 01:18:22.498 [org.springframework.kafka.KafkaListenerEndpointContainer#0-0-C-1] INFO  o.a.k.c.c.i.ConsumerCoordinator - [Consumer clientId=consumer-notification-id-1, groupId=notification-id] Group coordinator localhost:9092 (id: 2147483646 rack: null) is unavailable or invalid due to cause: error response NOT_COORDINATOR. isDisconnected: false. Rediscovery will be attempted.
2026-03-15 01:18:22.498 [org.springframework.kafka.KafkaListenerEndpointContainer#0-0-C-1] INFO  o.a.k.c.c.i.ConsumerCoordinator - [Consumer clientId=consumer-notification-id-1, groupId=notification-id] Requesting disconnect from last known coordinator localhost:9092 (id: 2147483646 rack: null)
2026-03-15 01:18:22.499 [org.springframework.kafka.KafkaListenerEndpointContainer#0-0-C-1] INFO  o.a.k.c.c.i.ConsumerCoordinator - [Consumer clientId=consumer-notification-id-1, groupId=notification-id] JoinGroup failed: This is not the correct coordinator. Marking coordinator unknown. Sent generation was Generation{generationId=-1, memberId='', protocol='null'}
2026-03-15 01:18:22.499 [org.springframework.kafka.KafkaListenerEndpointContainer#0-0-C-1] INFO  o.apache.kafka.clients.NetworkClient - [Consumer clientId=consumer-notification-id-1, groupId=notification-id] Client requested disconnect from node 2147483646
2026-03-15 01:18:22.510 [org.springframework.kafka.KafkaListenerEndpointContainer#0-0-C-1] INFO  o.a.k.c.c.i.ConsumerCoordinator - [Consumer clientId=consumer-notification-id-1, groupId=notification-id] Discovered group coordinator localhost:9092 (id: 2147483646 rack: null)
2026-03-15 01:18:22.510 [org.springframework.kafka.KafkaListenerEndpointContainer#0-0-C-1] INFO  o.a.k.c.c.i.ConsumerCoordinator - [Consumer clientId=consumer-notification-id-1, groupId=notification-id] Group coordinator localhost:9092 (id: 2147483646 rack: null) is unavailable or invalid due to cause: coordinator unavailable. isDisconnected: false. Rediscovery will be attempted.
2026-03-15 01:18:22.510 [org.springframework.kafka.KafkaListenerEndpointContainer#0-0-C-1] INFO  o.a.k.c.c.i.ConsumerCoordinator - [Consumer clientId=consumer-notification-id-1, groupId=notification-id] Requesting disconnect from last known coordinator localhost:9092 (id: 2147483646 rack: null)
2026-03-15 01:18:22.623 [org.springframework.kafka.KafkaListenerEndpointContainer#0-0-C-1] INFO  o.a.k.c.c.i.ConsumerCoordinator - [Consumer clientId=consumer-notification-id-1, groupId=notification-id] Discovered group coordinator localhost:9092 (id: 2147483646 rack: null)
2026-03-15 01:18:22.628 [org.springframework.kafka.KafkaListenerEndpointContainer#0-0-C-1] INFO  o.a.k.c.c.i.ConsumerCoordinator - [Consumer clientId=consumer-notification-id-1, groupId=notification-id] Request joining group due to: rebalance failed due to 'This is not the correct coordinator.' (NotCoordinatorException)
2026-03-15 01:18:22.629 [org.springframework.kafka.KafkaListenerEndpointContainer#0-0-C-1] INFO  o.a.k.c.c.i.ConsumerCoordinator - [Consumer clientId=consumer-notification-id-1, groupId=notification-id] (Re-)joining group
2026-03-15 01:18:22.641 [org.springframework.kafka.KafkaListenerEndpointContainer#0-0-C-1] INFO  o.a.k.c.c.i.ConsumerCoordinator - [Consumer clientId=consumer-notification-id-1, groupId=notification-id] Group coordinator localhost:9092 (id: 2147483646 rack: null) is unavailable or invalid due to cause: error response NOT_COORDINATOR. isDisconnected: false. Rediscovery will be attempted.
2026-03-15 01:18:22.642 [org.springframework.kafka.KafkaListenerEndpointContainer#0-0-C-1] INFO  o.a.k.c.c.i.ConsumerCoordinator - [Consumer clientId=consumer-notification-id-1, groupId=notification-id] Requesting disconnect from last known coordinator localhost:9092 (id: 2147483646 rack: null)
2026-03-15 01:18:22.642 [org.springframework.kafka.KafkaListenerEndpointContainer#0-0-C-1] INFO  o.a.k.c.c.i.ConsumerCoordinator - [Consumer clientId=consumer-notification-id-1, groupId=notification-id] JoinGroup failed: This is not the correct coordinator. Marking coordinator unknown. Sent generation was Generation{generationId=-1, memberId='', protocol='null'}
2026-03-15 01:18:22.642 [org.springframework.kafka.KafkaListenerEndpointContainer#0-0-C-1] INFO  o.apache.kafka.clients.NetworkClient - [Consumer clientId=consumer-notification-id-1, groupId=notification-id] Client requested disconnect from node 2147483646
2026-03-15 01:18:22.651 [org.springframework.kafka.KafkaListenerEndpointContainer#0-0-C-1] INFO  o.a.k.c.c.i.ConsumerCoordinator - [Consumer clientId=consumer-notification-id-1, groupId=notification-id] Discovered group coordinator localhost:9092 (id: 2147483646 rack: null)
2026-03-15 01:18:22.651 [org.springframework.kafka.KafkaListenerEndpointContainer#0-0-C-1] INFO  o.a.k.c.c.i.ConsumerCoordinator - [Consumer clientId=consumer-notification-id-1, groupId=notification-id] Group coordinator localhost:9092 (id: 2147483646 rack: null) is unavailable or invalid due to cause: coordinator unavailable. isDisconnected: false. Rediscovery will be attempted.
2026-03-15 01:18:22.651 [org.springframework.kafka.KafkaListenerEndpointContainer#0-0-C-1] INFO  o.a.k.c.c.i.ConsumerCoordinator - [Consumer clientId=consumer-notification-id-1, groupId=notification-id] Requesting disconnect from last known coordinator localhost:9092 (id: 2147483646 rack: null)
2026-03-15 01:18:22.764 [org.springframework.kafka.KafkaListenerEndpointContainer#0-0-C-1] INFO  o.a.k.c.c.i.ConsumerCoordinator - [Consumer clientId=consumer-notification-id-1, groupId=notification-id] Discovered group coordinator localhost:9092 (id: 2147483646 rack: null)
2026-03-15 01:18:22.768 [org.springframework.kafka.KafkaListenerEndpointContainer#0-0-C-1] INFO  o.a.k.c.c.i.ConsumerCoordinator - [Consumer clientId=consumer-notification-id-1, groupId=notification-id] Request joining group due to: rebalance failed due to 'This is not the correct coordinator.' (NotCoordinatorException)
2026-03-15 01:18:22.770 [org.springframework.kafka.KafkaListenerEndpointContainer#0-0-C-1] INFO  o.a.k.c.c.i.ConsumerCoordinator - [Consumer clientId=consumer-notification-id-1, groupId=notification-id] (Re-)joining group
2026-03-15 01:18:22.780 [org.springframework.kafka.KafkaListenerEndpointContainer#0-0-C-1] INFO  o.a.k.c.c.i.ConsumerCoordinator - [Consumer clientId=consumer-notification-id-1, groupId=notification-id] Group coordinator localhost:9092 (id: 2147483646 rack: null) is unavailable or invalid due to cause: error response NOT_COORDINATOR. isDisconnected: false. Rediscovery will be attempted.
2026-03-15 01:18:22.780 [org.springframework.kafka.KafkaListenerEndpointContainer#0-0-C-1] INFO  o.a.k.c.c.i.ConsumerCoordinator - [Consumer clientId=consumer-notification-id-1, groupId=notification-id] Requesting disconnect from last known coordinator localhost:9092 (id: 2147483646 rack: null)
2026-03-15 01:18:22.780 [org.springframework.kafka.KafkaListenerEndpointContainer#0-0-C-1] INFO  o.a.k.c.c.i.ConsumerCoordinator - [Consumer clientId=consumer-notification-id-1, groupId=notification-id] JoinGroup failed: This is not the correct coordinator. Marking coordinator unknown. Sent generation was Generation{generationId=-1, memberId='', protocol='null'}
2026-03-15 01:18:22.780 [org.springframework.kafka.KafkaListenerEndpointContainer#0-0-C-1] INFO  o.apache.kafka.clients.NetworkClient - [Consumer clientId=consumer-notification-id-1, groupId=notification-id] Client requested disconnect from node 2147483646
2026-03-15 01:18:22.787 [org.springframework.kafka.KafkaListenerEndpointContainer#0-0-C-1] INFO  o.a.k.c.c.i.ConsumerCoordinator - [Consumer clientId=consumer-notification-id-1, groupId=notification-id] Discovered group coordinator localhost:9092 (id: 2147483646 rack: null)
2026-03-15 01:18:22.789 [org.springframework.kafka.KafkaListenerEndpointContainer#0-0-C-1] INFO  o.a.k.c.c.i.ConsumerCoordinator - [Consumer clientId=consumer-notification-id-1, groupId=notification-id] Group coordinator localhost:9092 (id: 2147483646 rack: null) is unavailable or invalid due to cause: coordinator unavailable. isDisconnected: false. Rediscovery will be attempted.
2026-03-15 01:18:22.789 [org.springframework.kafka.KafkaListenerEndpointContainer#0-0-C-1] INFO  o.a.k.c.c.i.ConsumerCoordinator - [Consumer clientId=consumer-notification-id-1, groupId=notification-id] Requesting disconnect from last known coordinator localhost:9092 (id: 2147483646 rack: null)
2026-03-15 01:18:22.833 [org.springframework.kafka.KafkaListenerEndpointContainer#0-0-C-1] INFO  o.a.k.c.c.i.ConsumerCoordinator - [Consumer clientId=consumer-notification-id-1, groupId=notification-id] Discovered group coordinator localhost:9092 (id: 2147483646 rack: null)
2026-03-15 01:18:22.837 [org.springframework.kafka.KafkaListenerEndpointContainer#0-0-C-1] INFO  o.a.k.c.c.i.ConsumerCoordinator - [Consumer clientId=consumer-notification-id-1, groupId=notification-id] Request joining group due to: rebalance failed due to 'This is not the correct coordinator.' (NotCoordinatorException)
2026-03-15 01:18:22.838 [org.springframework.kafka.KafkaListenerEndpointContainer#0-0-C-1] INFO  o.a.k.c.c.i.ConsumerCoordinator - [Consumer clientId=consumer-notification-id-1, groupId=notification-id] (Re-)joining group
2026-03-15 01:18:22.847 [org.springframework.kafka.KafkaListenerEndpointContainer#0-0-C-1] INFO  o.a.k.c.c.i.ConsumerCoordinator - [Consumer clientId=consumer-notification-id-1, groupId=notification-id] Group coordinator localhost:9092 (id: 2147483646 rack: null) is unavailable or invalid due to cause: error response NOT_COORDINATOR. isDisconnected: false. Rediscovery will be attempted.
2026-03-15 01:18:22.847 [org.springframework.kafka.KafkaListenerEndpointContainer#0-0-C-1] INFO  o.a.k.c.c.i.ConsumerCoordinator - [Consumer clientId=consumer-notification-id-1, groupId=notification-id] Requesting disconnect from last known coordinator localhost:9092 (id: 2147483646 rack: null)
2026-03-15 01:18:22.847 [org.springframework.kafka.KafkaListenerEndpointContainer#0-0-C-1] INFO  o.a.k.c.c.i.ConsumerCoordinator - [Consumer clientId=consumer-notification-id-1, groupId=notification-id] JoinGroup failed: This is not the correct coordinator. Marking coordinator unknown. Sent generation was Generation{generationId=-1, memberId='', protocol='null'}
2026-03-15 01:18:22.847 [org.springframework.kafka.KafkaListenerEndpointContainer#0-0-C-1] INFO  o.apache.kafka.clients.NetworkClient - [Consumer clientId=consumer-notification-id-1, groupId=notification-id] Client requested disconnect from node 2147483646
2026-03-15 01:18:22.851 [org.springframework.kafka.KafkaListenerEndpointContainer#0-0-C-1] INFO  o.a.k.c.c.i.ConsumerCoordinator - [Consumer clientId=consumer-notification-id-1, groupId=notification-id] Discovered group coordinator localhost:9092 (id: 2147483646 rack: null)
2026-03-15 01:18:22.851 [org.springframework.kafka.KafkaListenerEndpointContainer#0-0-C-1] INFO  o.a.k.c.c.i.ConsumerCoordinator - [Consumer clientId=consumer-notification-id-1, groupId=notification-id] Group coordinator localhost:9092 (id: 2147483646 rack: null) is unavailable or invalid due to cause: coordinator unavailable. isDisconnected: false. Rediscovery will be attempted.
2026-03-15 01:18:22.852 [org.springframework.kafka.KafkaListenerEndpointContainer#0-0-C-1] INFO  o.a.k.c.c.i.ConsumerCoordinator - [Consumer clientId=consumer-notification-id-1, groupId=notification-id] Requesting disconnect from last known coordinator localhost:9092 (id: 2147483646 rack: null)
2026-03-15 01:18:22.944 [org.springframework.kafka.KafkaListenerEndpointContainer#0-0-C-1] INFO  o.a.k.c.c.i.ConsumerCoordinator - [Consumer clientId=consumer-notification-id-1, groupId=notification-id] Discovered group coordinator localhost:9092 (id: 2147483646 rack: null)
2026-03-15 01:18:22.947 [org.springframework.kafka.KafkaListenerEndpointContainer#0-0-C-1] INFO  o.a.k.c.c.i.ConsumerCoordinator - [Consumer clientId=consumer-notification-id-1, groupId=notification-id] Request joining group due to: rebalance failed due to 'This is not the correct coordinator.' (NotCoordinatorException)
2026-03-15 01:18:22.948 [org.springframework.kafka.KafkaListenerEndpointContainer#0-0-C-1] INFO  o.a.k.c.c.i.ConsumerCoordinator - [Consumer clientId=consumer-notification-id-1, groupId=notification-id] (Re-)joining group
2026-03-15 01:18:22.955 [org.springframework.kafka.KafkaListenerEndpointContainer#0-0-C-1] INFO  o.a.k.c.c.i.ConsumerCoordinator - [Consumer clientId=consumer-notification-id-1, groupId=notification-id] Group coordinator localhost:9092 (id: 2147483646 rack: null) is unavailable or invalid due to cause: error response NOT_COORDINATOR. isDisconnected: false. Rediscovery will be attempted.
2026-03-15 01:18:22.955 [org.springframework.kafka.KafkaListenerEndpointContainer#0-0-C-1] INFO  o.a.k.c.c.i.ConsumerCoordinator - [Consumer clientId=consumer-notification-id-1, groupId=notification-id] Requesting disconnect from last known coordinator localhost:9092 (id: 2147483646 rack: null)
2026-03-15 01:18:22.955 [org.springframework.kafka.KafkaListenerEndpointContainer#0-0-C-1] INFO  o.a.k.c.c.i.ConsumerCoordinator - [Consumer clientId=consumer-notification-id-1, groupId=notification-id] JoinGroup failed: This is not the correct coordinator. Marking coordinator unknown. Sent generation was Generation{generationId=-1, memberId='', protocol='null'}
2026-03-15 01:18:22.955 [org.springframework.kafka.KafkaListenerEndpointContainer#0-0-C-1] INFO  o.apache.kafka.clients.NetworkClient - [Consumer clientId=consumer-notification-id-1, groupId=notification-id] Client requested disconnect from node 2147483646
2026-03-15 01:18:22.960 [org.springframework.kafka.KafkaListenerEndpointContainer#0-0-C-1] INFO  o.a.k.c.c.i.ConsumerCoordinator - [Consumer clientId=consumer-notification-id-1, groupId=notification-id] Discovered group coordinator localhost:9092 (id: 2147483646 rack: null)
2026-03-15 01:18:22.960 [org.springframework.kafka.KafkaListenerEndpointContainer#0-0-C-1] INFO  o.a.k.c.c.i.ConsumerCoordinator - [Consumer clientId=consumer-notification-id-1, groupId=notification-id] Group coordinator localhost:9092 (id: 2147483646 rack: null) is unavailable or invalid due to cause: coordinator unavailable. isDisconnected: false. Rediscovery will be attempted.
2026-03-15 01:18:22.960 [org.springframework.kafka.KafkaListenerEndpointContainer#0-0-C-1] INFO  o.a.k.c.c.i.ConsumerCoordinator - [Consumer clientId=consumer-notification-id-1, groupId=notification-id] Requesting disconnect from last known coordinator localhost:9092 (id: 2147483646 rack: null)
2026-03-15 01:18:23.064 [org.springframework.kafka.KafkaListenerEndpointContainer#0-0-C-1] INFO  o.a.k.c.c.i.ConsumerCoordinator - [Consumer clientId=consumer-notification-id-1, groupId=notification-id] Discovered group coordinator localhost:9092 (id: 2147483646 rack: null)
2026-03-15 01:18:23.070 [org.springframework.kafka.KafkaListenerEndpointContainer#0-0-C-1] INFO  o.a.k.c.c.i.ConsumerCoordinator - [Consumer clientId=consumer-notification-id-1, groupId=notification-id] Request joining group due to: rebalance failed due to 'This is not the correct coordinator.' (NotCoordinatorException)
2026-03-15 01:18:23.071 [org.springframework.kafka.KafkaListenerEndpointContainer#0-0-C-1] INFO  o.a.k.c.c.i.ConsumerCoordinator - [Consumer clientId=consumer-notification-id-1, groupId=notification-id] (Re-)joining group
2026-03-15 01:18:23.080 [org.springframework.kafka.KafkaListenerEndpointContainer#0-0-C-1] INFO  o.a.k.c.c.i.ConsumerCoordinator - [Consumer clientId=consumer-notification-id-1, groupId=notification-id] Group coordinator localhost:9092 (id: 2147483646 rack: null) is unavailable or invalid due to cause: error response NOT_COORDINATOR. isDisconnected: false. Rediscovery will be attempted.
2026-03-15 01:18:23.080 [org.springframework.kafka.KafkaListenerEndpointContainer#0-0-C-1] INFO  o.a.k.c.c.i.ConsumerCoordinator - [Consumer clientId=consumer-notification-id-1, groupId=notification-id] Requesting disconnect from last known coordinator localhost:9092 (id: 2147483646 rack: null)
2026-03-15 01:18:23.080 [org.springframework.kafka.KafkaListenerEndpointContainer#0-0-C-1] INFO  o.a.k.c.c.i.ConsumerCoordinator - [Consumer clientId=consumer-notification-id-1, groupId=notification-id] JoinGroup failed: This is not the correct coordinator. Marking coordinator unknown. Sent generation was Generation{generationId=-1, memberId='', protocol='null'}
2026-03-15 01:18:23.081 [org.springframework.kafka.KafkaListenerEndpointContainer#0-0-C-1] INFO  o.apache.kafka.clients.NetworkClient - [Consumer clientId=consumer-notification-id-1, groupId=notification-id] Client requested disconnect from node 2147483646
2026-03-15 01:18:23.087 [org.springframework.kafka.KafkaListenerEndpointContainer#0-0-C-1] INFO  o.a.k.c.c.i.ConsumerCoordinator - [Consumer clientId=consumer-notification-id-1, groupId=notification-id] Discovered group coordinator localhost:9092 (id: 2147483646 rack: null)
2026-03-15 01:18:23.087 [org.springframework.kafka.KafkaListenerEndpointContainer#0-0-C-1] INFO  o.a.k.c.c.i.ConsumerCoordinator - [Consumer clientId=consumer-notification-id-1, groupId=notification-id] Group coordinator localhost:9092 (id: 2147483646 rack: null) is unavailable or invalid due to cause: coordinator unavailable. isDisconnected: false. Rediscovery will be attempted.
2026-03-15 01:18:23.087 [org.springframework.kafka.KafkaListenerEndpointContainer#0-0-C-1] INFO  o.a.k.c.c.i.ConsumerCoordinator - [Consumer clientId=consumer-notification-id-1, groupId=notification-id] Requesting disconnect from last known coordinator localhost:9092 (id: 2147483646 rack: null)
2026-03-15 01:18:23.191 [org.springframework.kafka.KafkaListenerEndpointContainer#0-0-C-1] INFO  o.a.k.c.c.i.ConsumerCoordinator - [Consumer clientId=consumer-notification-id-1, groupId=notification-id] Discovered group coordinator localhost:9092 (id: 2147483646 rack: null)
2026-03-15 01:18:23.193 [org.springframework.kafka.KafkaListenerEndpointContainer#0-0-C-1] INFO  o.a.k.c.c.i.ConsumerCoordinator - [Consumer clientId=consumer-notification-id-1, groupId=notification-id] Request joining group due to: rebalance failed due to 'This is not the correct coordinator.' (NotCoordinatorException)
2026-03-15 01:18:23.194 [org.springframework.kafka.KafkaListenerEndpointContainer#0-0-C-1] INFO  o.a.k.c.c.i.ConsumerCoordinator - [Consumer clientId=consumer-notification-id-1, groupId=notification-id] (Re-)joining group
2026-03-15 01:18:23.199 [org.springframework.kafka.KafkaListenerEndpointContainer#0-0-C-1] INFO  o.a.k.c.c.i.ConsumerCoordinator - [Consumer clientId=consumer-notification-id-1, groupId=notification-id] Group coordinator localhost:9092 (id: 2147483646 rack: null) is unavailable or invalid due to cause: error response NOT_COORDINATOR. isDisconnected: false. Rediscovery will be attempted.
2026-03-15 01:18:23.199 [org.springframework.kafka.KafkaListenerEndpointContainer#0-0-C-1] INFO  o.a.k.c.c.i.ConsumerCoordinator - [Consumer clientId=consumer-notification-id-1, groupId=notification-id] Requesting disconnect from last known coordinator localhost:9092 (id: 2147483646 rack: null)
2026-03-15 01:18:23.199 [org.springframework.kafka.KafkaListenerEndpointContainer#0-0-C-1] INFO  o.a.k.c.c.i.ConsumerCoordinator - [Consumer clientId=consumer-notification-id-1, groupId=notification-id] JoinGroup failed: This is not the correct coordinator. Marking coordinator unknown. Sent generation was Generation{generationId=-1, memberId='', protocol='null'}
2026-03-15 01:18:23.200 [org.springframework.kafka.KafkaListenerEndpointContainer#0-0-C-1] INFO  o.apache.kafka.clients.NetworkClient - [Consumer clientId=consumer-notification-id-1, groupId=notification-id] Client requested disconnect from node 2147483646
2026-03-15 01:18:23.204 [org.springframework.kafka.KafkaListenerEndpointContainer#0-0-C-1] INFO  o.a.k.c.c.i.ConsumerCoordinator - [Consumer clientId=consumer-notification-id-1, groupId=notification-id] Discovered group coordinator localhost:9092 (id: 2147483646 rack: null)
2026-03-15 01:18:23.205 [org.springframework.kafka.KafkaListenerEndpointContainer#0-0-C-1] INFO  o.a.k.c.c.i.ConsumerCoordinator - [Consumer clientId=consumer-notification-id-1, groupId=notification-id] Group coordinator localhost:9092 (id: 2147483646 rack: null) is unavailable or invalid due to cause: coordinator unavailable. isDisconnected: false. Rediscovery will be attempted.
2026-03-15 01:18:23.205 [org.springframework.kafka.KafkaListenerEndpointContainer#0-0-C-1] INFO  o.a.k.c.c.i.ConsumerCoordinator - [Consumer clientId=consumer-notification-id-1, groupId=notification-id] Requesting disconnect from last known coordinator localhost:9092 (id: 2147483646 rack: null)
2026-03-15 01:18:23.301 [org.springframework.kafka.KafkaListenerEndpointContainer#0-0-C-1] INFO  o.a.k.c.c.i.ConsumerCoordinator - [Consumer clientId=consumer-notification-id-1, groupId=notification-id] Discovered group coordinator localhost:9092 (id: 2147483646 rack: null)
2026-03-15 01:18:23.305 [org.springframework.kafka.KafkaListenerEndpointContainer#0-0-C-1] INFO  o.a.k.c.c.i.ConsumerCoordinator - [Consumer clientId=consumer-notification-id-1, groupId=notification-id] Request joining group due to: rebalance failed due to 'This is not the correct coordinator.' (NotCoordinatorException)
2026-03-15 01:18:23.305 [org.springframework.kafka.KafkaListenerEndpointContainer#0-0-C-1] INFO  o.a.k.c.c.i.ConsumerCoordinator - [Consumer clientId=consumer-notification-id-1, groupId=notification-id] (Re-)joining group
2026-03-15 01:18:23.315 [org.springframework.kafka.KafkaListenerEndpointContainer#0-0-C-1] INFO  o.a.k.c.c.i.ConsumerCoordinator - [Consumer clientId=consumer-notification-id-1, groupId=notification-id] Group coordinator localhost:9092 (id: 2147483646 rack: null) is unavailable or invalid due to cause: error response NOT_COORDINATOR. isDisconnected: false. Rediscovery will be attempted.
2026-03-15 01:18:23.315 [org.springframework.kafka.KafkaListenerEndpointContainer#0-0-C-1] INFO  o.a.k.c.c.i.ConsumerCoordinator - [Consumer clientId=consumer-notification-id-1, groupId=notification-id] Requesting disconnect from last known coordinator localhost:9092 (id: 2147483646 rack: null)
2026-03-15 01:18:23.315 [org.springframework.kafka.KafkaListenerEndpointContainer#0-0-C-1] INFO  o.a.k.c.c.i.ConsumerCoordinator - [Consumer clientId=consumer-notification-id-1, groupId=notification-id] JoinGroup failed: This is not the correct coordinator. Marking coordinator unknown. Sent generation was Generation{generationId=-1, memberId='', protocol='null'}
2026-03-15 01:18:23.315 [org.springframework.kafka.KafkaListenerEndpointContainer#0-0-C-1] INFO  o.apache.kafka.clients.NetworkClient - [Consumer clientId=consumer-notification-id-1, groupId=notification-id] Client requested disconnect from node 2147483646
2026-03-15 01:18:23.324 [org.springframework.kafka.KafkaListenerEndpointContainer#0-0-C-1] INFO  o.a.k.c.c.i.ConsumerCoordinator - [Consumer clientId=consumer-notification-id-1, groupId=notification-id] Discovered group coordinator localhost:9092 (id: 2147483646 rack: null)
2026-03-15 01:18:23.324 [org.springframework.kafka.KafkaListenerEndpointContainer#0-0-C-1] INFO  o.a.k.c.c.i.ConsumerCoordinator - [Consumer clientId=consumer-notification-id-1, groupId=notification-id] Group coordinator localhost:9092 (id: 2147483646 rack: null) is unavailable or invalid due to cause: coordinator unavailable. isDisconnected: false. Rediscovery will be attempted.
2026-03-15 01:18:23.324 [org.springframework.kafka.KafkaListenerEndpointContainer#0-0-C-1] INFO  o.a.k.c.c.i.ConsumerCoordinator - [Consumer clientId=consumer-notification-id-1, groupId=notification-id] Requesting disconnect from last known coordinator localhost:9092 (id: 2147483646 rack: null)
2026-03-15 01:18:23.426 [org.springframework.kafka.KafkaListenerEndpointContainer#0-0-C-1] INFO  o.a.k.c.c.i.ConsumerCoordinator - [Consumer clientId=consumer-notification-id-1, groupId=notification-id] Discovered group coordinator localhost:9092 (id: 2147483646 rack: null)
2026-03-15 01:18:23.428 [org.springframework.kafka.KafkaListenerEndpointContainer#0-0-C-1] INFO  o.a.k.c.c.i.ConsumerCoordinator - [Consumer clientId=consumer-notification-id-1, groupId=notification-id] Request joining group due to: rebalance failed due to 'This is not the correct coordinator.' (NotCoordinatorException)
2026-03-15 01:18:23.429 [org.springframework.kafka.KafkaListenerEndpointContainer#0-0-C-1] INFO  o.a.k.c.c.i.ConsumerCoordinator - [Consumer clientId=consumer-notification-id-1, groupId=notification-id] (Re-)joining group
2026-03-15 01:18:23.434 [org.springframework.kafka.KafkaListenerEndpointContainer#0-0-C-1] INFO  o.a.k.c.c.i.ConsumerCoordinator - [Consumer clientId=consumer-notification-id-1, groupId=notification-id] Group coordinator localhost:9092 (id: 2147483646 rack: null) is unavailable or invalid due to cause: error response NOT_COORDINATOR. isDisconnected: false. Rediscovery will be attempted.
2026-03-15 01:18:23.434 [org.springframework.kafka.KafkaListenerEndpointContainer#0-0-C-1] INFO  o.a.k.c.c.i.ConsumerCoordinator - [Consumer clientId=consumer-notification-id-1, groupId=notification-id] Requesting disconnect from last known coordinator localhost:9092 (id: 2147483646 rack: null)
2026-03-15 01:18:23.434 [org.springframework.kafka.KafkaListenerEndpointContainer#0-0-C-1] INFO  o.a.k.c.c.i.ConsumerCoordinator - [Consumer clientId=consumer-notification-id-1, groupId=notification-id] JoinGroup failed: This is not the correct coordinator. Marking coordinator unknown. Sent generation was Generation{generationId=-1, memberId='', protocol='null'}
2026-03-15 01:18:23.434 [org.springframework.kafka.KafkaListenerEndpointContainer#0-0-C-1] INFO  o.apache.kafka.clients.NetworkClient - [Consumer clientId=consumer-notification-id-1, groupId=notification-id] Client requested disconnect from node 2147483646
2026-03-15 01:18:23.438 [org.springframework.kafka.KafkaListenerEndpointContainer#0-0-C-1] INFO  o.a.k.c.c.i.ConsumerCoordinator - [Consumer clientId=consumer-notification-id-1, groupId=notification-id] Discovered group coordinator localhost:9092 (id: 2147483646 rack: null)
2026-03-15 01:18:23.439 [org.springframework.kafka.KafkaListenerEndpointContainer#0-0-C-1] INFO  o.a.k.c.c.i.ConsumerCoordinator - [Consumer clientId=consumer-notification-id-1, groupId=notification-id] Group coordinator localhost:9092 (id: 2147483646 rack: null) is unavailable or invalid due to cause: coordinator unavailable. isDisconnected: false. Rediscovery will be attempted.
2026-03-15 01:18:23.439 [org.springframework.kafka.KafkaListenerEndpointContainer#0-0-C-1] INFO  o.a.k.c.c.i.ConsumerCoordinator - [Consumer clientId=consumer-notification-id-1, groupId=notification-id] Requesting disconnect from last known coordinator localhost:9092 (id: 2147483646 rack: null)
2026-03-15 01:18:23.564 [org.springframework.kafka.KafkaListenerEndpointContainer#0-0-C-1] INFO  o.a.k.c.c.i.ConsumerCoordinator - [Consumer clientId=consumer-notification-id-1, groupId=notification-id] Discovered group coordinator localhost:9092 (id: 2147483646 rack: null)
2026-03-15 01:18:23.572 [org.springframework.kafka.KafkaListenerEndpointContainer#0-0-C-1] INFO  o.a.k.c.c.i.ConsumerCoordinator - [Consumer clientId=consumer-notification-id-1, groupId=notification-id] Request joining group due to: rebalance failed due to 'This is not the correct coordinator.' (NotCoordinatorException)
2026-03-15 01:18:23.573 [org.springframework.kafka.KafkaListenerEndpointContainer#0-0-C-1] INFO  o.a.k.c.c.i.ConsumerCoordinator - [Consumer clientId=consumer-notification-id-1, groupId=notification-id] (Re-)joining group
2026-03-15 01:18:23.595 [org.springframework.kafka.KafkaListenerEndpointContainer#0-0-C-1] INFO  o.a.k.c.c.i.ConsumerCoordinator - [Consumer clientId=consumer-notification-id-1, groupId=notification-id] Group coordinator localhost:9092 (id: 2147483646 rack: null) is unavailable or invalid due to cause: error response NOT_COORDINATOR. isDisconnected: false. Rediscovery will be attempted.
2026-03-15 01:18:23.596 [org.springframework.kafka.KafkaListenerEndpointContainer#0-0-C-1] INFO  o.a.k.c.c.i.ConsumerCoordinator - [Consumer clientId=consumer-notification-id-1, groupId=notification-id] Requesting disconnect from last known coordinator localhost:9092 (id: 2147483646 rack: null)
2026-03-15 01:18:23.596 [org.springframework.kafka.KafkaListenerEndpointContainer#0-0-C-1] INFO  o.a.k.c.c.i.ConsumerCoordinator - [Consumer clientId=consumer-notification-id-1, groupId=notification-id] JoinGroup failed: This is not the correct coordinator. Marking coordinator unknown. Sent generation was Generation{generationId=-1, memberId='', protocol='null'}
2026-03-15 01:18:23.597 [org.springframework.kafka.KafkaListenerEndpointContainer#0-0-C-1] INFO  o.apache.kafka.clients.NetworkClient - [Consumer clientId=consumer-notification-id-1, groupId=notification-id] Client requested disconnect from node 2147483646
2026-03-15 01:18:23.609 [org.springframework.kafka.KafkaListenerEndpointContainer#0-0-C-1] INFO  o.a.k.c.c.i.ConsumerCoordinator - [Consumer clientId=consumer-notification-id-1, groupId=notification-id] Discovered group coordinator localhost:9092 (id: 2147483646 rack: null)
2026-03-15 01:18:23.609 [org.springframework.kafka.KafkaListenerEndpointContainer#0-0-C-1] INFO  o.a.k.c.c.i.ConsumerCoordinator - [Consumer clientId=consumer-notification-id-1, groupId=notification-id] Group coordinator localhost:9092 (id: 2147483646 rack: null) is unavailable or invalid due to cause: coordinator unavailable. isDisconnected: false. Rediscovery will be attempted.
2026-03-15 01:18:23.609 [org.springframework.kafka.KafkaListenerEndpointContainer#0-0-C-1] INFO  o.a.k.c.c.i.ConsumerCoordinator - [Consumer clientId=consumer-notification-id-1, groupId=notification-id] Requesting disconnect from last known coordinator localhost:9092 (id: 2147483646 rack: null)
2026-03-15 01:18:23.730 [org.springframework.kafka.KafkaListenerEndpointContainer#0-0-C-1] INFO  o.a.k.c.c.i.ConsumerCoordinator - [Consumer clientId=consumer-notification-id-1, groupId=notification-id] Discovered group coordinator localhost:9092 (id: 2147483646 rack: null)
2026-03-15 01:18:23.734 [org.springframework.kafka.KafkaListenerEndpointContainer#0-0-C-1] INFO  o.a.k.c.c.i.ConsumerCoordinator - [Consumer clientId=consumer-notification-id-1, groupId=notification-id] Request joining group due to: rebalance failed due to 'This is not the correct coordinator.' (NotCoordinatorException)
2026-03-15 01:18:23.736 [org.springframework.kafka.KafkaListenerEndpointContainer#0-0-C-1] INFO  o.a.k.c.c.i.ConsumerCoordinator - [Consumer clientId=consumer-notification-id-1, groupId=notification-id] (Re-)joining group
2026-03-15 01:18:23.741 [org.springframework.kafka.KafkaListenerEndpointContainer#0-0-C-1] INFO  o.a.k.c.c.i.ConsumerCoordinator - [Consumer clientId=consumer-notification-id-1, groupId=notification-id] Group coordinator localhost:9092 (id: 2147483646 rack: null) is unavailable or invalid due to cause: error response NOT_COORDINATOR. isDisconnected: false. Rediscovery will be attempted.
2026-03-15 01:18:23.742 [org.springframework.kafka.KafkaListenerEndpointContainer#0-0-C-1] INFO  o.a.k.c.c.i.ConsumerCoordinator - [Consumer clientId=consumer-notification-id-1, groupId=notification-id] Requesting disconnect from last known coordinator localhost:9092 (id: 2147483646 rack: null)
2026-03-15 01:18:23.742 [org.springframework.kafka.KafkaListenerEndpointContainer#0-0-C-1] INFO  o.a.k.c.c.i.ConsumerCoordinator - [Consumer clientId=consumer-notification-id-1, groupId=notification-id] JoinGroup failed: This is not the correct coordinator. Marking coordinator unknown. Sent generation was Generation{generationId=-1, memberId='', protocol='null'}
2026-03-15 01:18:23.742 [org.springframework.kafka.KafkaListenerEndpointContainer#0-0-C-1] INFO  o.apache.kafka.clients.NetworkClient - [Consumer clientId=consumer-notification-id-1, groupId=notification-id] Client requested disconnect from node 2147483646
2026-03-15 01:18:23.746 [org.springframework.kafka.KafkaListenerEndpointContainer#0-0-C-1] INFO  o.a.k.c.c.i.ConsumerCoordinator - [Consumer clientId=consumer-notification-id-1, groupId=notification-id] Discovered group coordinator localhost:9092 (id: 2147483646 rack: null)
2026-03-15 01:18:23.746 [org.springframework.kafka.KafkaListenerEndpointContainer#0-0-C-1] INFO  o.a.k.c.c.i.ConsumerCoordinator - [Consumer clientId=consumer-notification-id-1, groupId=notification-id] Group coordinator localhost:9092 (id: 2147483646 rack: null) is unavailable or invalid due to cause: coordinator unavailable. isDisconnected: false. Rediscovery will be attempted.
2026-03-15 01:18:23.746 [org.springframework.kafka.KafkaListenerEndpointContainer#0-0-C-1] INFO  o.a.k.c.c.i.ConsumerCoordinator - [Consumer clientId=consumer-notification-id-1, groupId=notification-id] Requesting disconnect from last known coordinator localhost:9092 (id: 2147483646 rack: null)
2026-03-15 01:18:23.857 [org.springframework.kafka.KafkaListenerEndpointContainer#0-0-C-1] INFO  o.a.k.c.c.i.ConsumerCoordinator - [Consumer clientId=consumer-notification-id-1, groupId=notification-id] Discovered group coordinator localhost:9092 (id: 2147483646 rack: null)
2026-03-15 01:18:23.860 [org.springframework.kafka.KafkaListenerEndpointContainer#0-0-C-1] INFO  o.a.k.c.c.i.ConsumerCoordinator - [Consumer clientId=consumer-notification-id-1, groupId=notification-id] Request joining group due to: rebalance failed due to 'This is not the correct coordinator.' (NotCoordinatorException)
2026-03-15 01:18:23.861 [org.springframework.kafka.KafkaListenerEndpointContainer#0-0-C-1] INFO  o.a.k.c.c.i.ConsumerCoordinator - [Consumer clientId=consumer-notification-id-1, groupId=notification-id] (Re-)joining group
2026-03-15 01:18:23.880 [org.springframework.kafka.KafkaListenerEndpointContainer#0-0-C-1] INFO  o.a.k.c.c.i.ConsumerCoordinator - [Consumer clientId=consumer-notification-id-1, groupId=notification-id] JoinGroup failed: Coordinator localhost:9092 (id: 2147483646 rack: null) is loading the group.
2026-03-15 01:18:23.881 [org.springframework.kafka.KafkaListenerEndpointContainer#0-0-C-1] INFO  o.a.k.c.c.i.ConsumerCoordinator - [Consumer clientId=consumer-notification-id-1, groupId=notification-id] Request joining group due to: rebalance failed due to 'The coordinator is loading and hence can't process requests.' (CoordinatorLoadInProgressException)
2026-03-15 01:18:23.984 [org.springframework.kafka.KafkaListenerEndpointContainer#0-0-C-1] INFO  o.a.k.c.c.i.ConsumerCoordinator - [Consumer clientId=consumer-notification-id-1, groupId=notification-id] (Re-)joining group
2026-03-15 01:18:24.024 [org.springframework.kafka.KafkaListenerEndpointContainer#0-0-C-1] INFO  o.a.k.c.c.i.ConsumerCoordinator - [Consumer clientId=consumer-notification-id-1, groupId=notification-id] Request joining group due to: need to re-join with the given member-id: consumer-notification-id-1-2941dfc2-f8cb-4664-85e3-6af41735f9a8
2026-03-15 01:18:24.024 [org.springframework.kafka.KafkaListenerEndpointContainer#0-0-C-1] INFO  o.a.k.c.c.i.ConsumerCoordinator - [Consumer clientId=consumer-notification-id-1, groupId=notification-id] (Re-)joining group
2026-03-15 01:18:27.116 [org.springframework.kafka.KafkaListenerEndpointContainer#0-0-C-1] INFO  o.a.k.c.c.i.ConsumerCoordinator - [Consumer clientId=consumer-notification-id-1, groupId=notification-id] Successfully joined group with generation Generation{generationId=1, memberId='consumer-notification-id-1-2941dfc2-f8cb-4664-85e3-6af41735f9a8', protocol='range'}
2026-03-15 01:18:27.132 [org.springframework.kafka.KafkaListenerEndpointContainer#0-0-C-1] INFO  o.a.k.c.c.i.ConsumerCoordinator - [Consumer clientId=consumer-notification-id-1, groupId=notification-id] Finished assignment for group at generation 1: {consumer-notification-id-1-2941dfc2-f8cb-4664-85e3-6af41735f9a8=Assignment(partitions=[payroll-topic-0])}
2026-03-15 01:18:27.162 [org.springframework.kafka.KafkaListenerEndpointContainer#0-0-C-1] INFO  o.a.k.c.c.i.ConsumerCoordinator - [Consumer clientId=consumer-notification-id-1, groupId=notification-id] Successfully synced group in generation Generation{generationId=1, memberId='consumer-notification-id-1-2941dfc2-f8cb-4664-85e3-6af41735f9a8', protocol='range'}
2026-03-15 01:18:27.163 [org.springframework.kafka.KafkaListenerEndpointContainer#0-0-C-1] INFO  o.a.k.c.c.i.ConsumerCoordinator - [Consumer clientId=consumer-notification-id-1, groupId=notification-id] Notifying assignor about the new Assignment(partitions=[payroll-topic-0])
2026-03-15 01:18:27.170 [org.springframework.kafka.KafkaListenerEndpointContainer#0-0-C-1] INFO  o.a.k.c.c.i.ConsumerRebalanceListenerInvoker - [Consumer clientId=consumer-notification-id-1, groupId=notification-id] Adding newly assigned partitions: payroll-topic-0
2026-03-15 01:18:27.208 [org.springframework.kafka.KafkaListenerEndpointContainer#0-0-C-1] INFO  o.a.k.c.c.i.ConsumerCoordinator - [Consumer clientId=consumer-notification-id-1, groupId=notification-id] Found no committed offset for partition payroll-topic-0
2026-03-15 01:18:27.262 [org.springframework.kafka.KafkaListenerEndpointContainer#0-0-C-1] INFO  o.a.k.c.c.i.SubscriptionState - [Consumer clientId=consumer-notification-id-1, groupId=notification-id] Resetting offset for partition payroll-topic-0 to position FetchPosition{offset=0, offsetEpoch=Optional.empty, currentLeader=LeaderAndEpoch{leader=Optional[localhost:9092 (id: 1 rack: null)], epoch=0}}.
2026-03-15 01:18:27.264 [org.springframework.kafka.KafkaListenerEndpointContainer#0-0-C-1] INFO  o.s.k.l.KafkaMessageListenerContainer - notification-id: partitions assigned: [payroll-topic-0]
2026-03-15 01:24:23.758 [http-nio-8080-exec-2] INFO  o.a.c.c.C.[Tomcat].[localhost].[/] - Initializing Spring DispatcherServlet 'dispatcherServlet'
2026-03-15 01:24:23.766 [http-nio-8080-exec-2] INFO  o.s.web.servlet.DispatcherServlet - Initializing Servlet 'dispatcherServlet'
2026-03-15 01:24:24.286 [http-nio-8080-exec-2] INFO  o.s.web.servlet.DispatcherServlet - Completed initialization in 516 ms
2026-03-15 01:24:29.356 [http-nio-8080-exec-2] INFO  c.e.Portal.Service.LoginService - Login success
2026-03-15 01:27:11.142 [http-nio-8080-exec-8] INFO  c.e.Portal.Service.LoginService - Login success
2026-03-15 01:27:19.985 [org.springframework.kafka.KafkaListenerEndpointContainer#0-0-C-1] INFO  o.apache.kafka.clients.NetworkClient - [Consumer clientId=consumer-notification-id-1, groupId=notification-id] Node -1 disconnected.
2026-03-15 01:29:11.376 [http-nio-8080-exec-2] INFO  c.e.Portal.Service.LoginService - Login success
2026-03-15 01:34:20.742 [org.springframework.kafka.KafkaListenerEndpointContainer#0-0-C-1] INFO  o.a.k.c.c.i.ConsumerRebalanceListenerInvoker - [Consumer clientId=consumer-notification-id-1, groupId=notification-id] Revoke previously assigned partitions payroll-topic-0
2026-03-15 01:34:20.759 [org.springframework.kafka.KafkaListenerEndpointContainer#0-0-C-1] INFO  o.s.k.l.KafkaMessageListenerContainer - notification-id: partitions revoked: [payroll-topic-0]
2026-03-15 01:34:20.765 [org.springframework.kafka.KafkaListenerEndpointContainer#0-0-C-1] INFO  o.a.k.c.c.i.ConsumerCoordinator - [Consumer clientId=consumer-notification-id-1, groupId=notification-id] Member consumer-notification-id-1-2941dfc2-f8cb-4664-85e3-6af41735f9a8 sending LeaveGroup request to coordinator localhost:9092 (id: 2147483646 rack: null) due to the consumer unsubscribed from all topics
2026-03-15 01:34:20.770 [org.springframework.kafka.KafkaListenerEndpointContainer#0-0-C-1] INFO  o.a.k.c.c.i.ConsumerCoordinator - [Consumer clientId=consumer-notification-id-1, groupId=notification-id] Resetting generation and member id due to: consumer pro-actively leaving the group
2026-03-15 01:34:20.770 [org.springframework.kafka.KafkaListenerEndpointContainer#0-0-C-1] INFO  o.a.k.c.c.i.ConsumerCoordinator - [Consumer clientId=consumer-notification-id-1, groupId=notification-id] Request joining group due to: consumer pro-actively leaving the group
2026-03-15 01:34:20.770 [org.springframework.kafka.KafkaListenerEndpointContainer#0-0-C-1] INFO  o.a.k.c.c.i.LegacyKafkaConsumer - [Consumer clientId=consumer-notification-id-1, groupId=notification-id] Unsubscribed all topics or patterns and assigned partitions
2026-03-15 01:34:20.792 [org.springframework.kafka.KafkaListenerEndpointContainer#0-0-C-1] INFO  o.a.k.c.c.i.ConsumerCoordinator - [Consumer clientId=consumer-notification-id-1, groupId=notification-id] Resetting generation and member id due to: consumer pro-actively leaving the group
2026-03-15 01:34:20.792 [org.springframework.kafka.KafkaListenerEndpointContainer#0-0-C-1] INFO  o.a.k.c.c.i.ConsumerCoordinator - [Consumer clientId=consumer-notification-id-1, groupId=notification-id] Request joining group due to: consumer pro-actively leaving the group
2026-03-15 01:34:21.294 [org.springframework.kafka.KafkaListenerEndpointContainer#0-0-C-1] INFO  o.a.kafka.common.metrics.Metrics - Metrics scheduler closed
2026-03-15 01:34:21.295 [org.springframework.kafka.KafkaListenerEndpointContainer#0-0-C-1] INFO  o.a.kafka.common.metrics.Metrics - Closing reporter org.apache.kafka.common.metrics.JmxReporter
2026-03-15 01:34:21.296 [org.springframework.kafka.KafkaListenerEndpointContainer#0-0-C-1] INFO  o.a.kafka.common.metrics.Metrics - Closing reporter org.apache.kafka.common.telemetry.internals.ClientTelemetryReporter
2026-03-15 01:34:21.297 [org.springframework.kafka.KafkaListenerEndpointContainer#0-0-C-1] INFO  o.a.kafka.common.metrics.Metrics - Metrics reporters closed
2026-03-15 01:34:21.402 [org.springframework.kafka.KafkaListenerEndpointContainer#0-0-C-1] INFO  o.a.kafka.common.utils.AppInfoParser - App info kafka.consumer for consumer-notification-id-1 unregistered
2026-03-15 01:34:21.408 [org.springframework.kafka.KafkaListenerEndpointContainer#0-0-C-1] INFO  o.s.k.l.KafkaMessageListenerContainer - notification-id: Consumer stopped
2026-03-15 01:34:21.537 [SpringApplicationShutdownHook] INFO  o.s.o.j.LocalContainerEntityManagerFactoryBean - Closing JPA EntityManagerFactory for persistence unit 'default'
2026-03-15 01:34:21.678 [SpringApplicationShutdownHook] INFO  com.zaxxer.hikari.HikariDataSource - HikariCP - Shutdown initiated...
2026-03-15 01:34:21.966 [SpringApplicationShutdownHook] INFO  com.zaxxer.hikari.HikariDataSource - HikariCP - Shutdown completed.
2026-03-15 12:53:56.228 [restartedMain] INFO  c.example.Portal.PortalApplication - Starting PortalApplication using Java 21.0.9 with PID 2808 (G:\MyPortal\Portal\target\classes started by PAWAN in G:\MyPortal)
2026-03-15 12:53:56.247 [restartedMain] INFO  c.example.Portal.PortalApplication - No active profile set, falling back to 1 default profile: "default"
2026-03-15 12:53:56.843 [restartedMain] INFO  o.s.b.d.restart.ChangeableUrls - The Class-Path manifest attribute in C:\Users\PAWAN\.m2\repository\com\oracle\database\jdbc\ojdbc11\23.3.0.23.09\ojdbc11-23.3.0.23.09.jar referenced one or more files that do not exist: file:/C:/Users/PAWAN/.m2/repository/com/oracle/database/jdbc/ojdbc11/23.3.0.23.09/oraclepki.jar
2026-03-15 12:53:56.845 [restartedMain] INFO  o.s.b.d.e.DevToolsPropertyDefaultsPostProcessor - Devtools property defaults active! Set 'spring.devtools.add-properties' to 'false' to disable
2026-03-15 12:53:56.845 [restartedMain] INFO  o.s.b.d.e.DevToolsPropertyDefaultsPostProcessor - For additional web related logging consider setting the 'logging.level.web' property to 'DEBUG'
2026-03-15 12:54:08.011 [restartedMain] INFO  o.s.d.r.c.RepositoryConfigurationDelegate - Bootstrapping Spring Data JPA repositories in DEFAULT mode.
2026-03-15 12:54:09.477 [restartedMain] INFO  o.s.d.r.c.RepositoryConfigurationDelegate - Finished Spring Data repository scanning in 1435 ms. Found 15 JPA repository interfaces.
2026-03-15 12:54:11.120 [restartedMain] INFO  o.s.cloud.context.scope.GenericScope - BeanFactory id=b4bf4ef4-577a-3e49-8069-a25e8a1ad954
2026-03-15 12:54:16.340 [restartedMain] INFO  o.s.b.w.e.tomcat.TomcatWebServer - Tomcat initialized with port 8080 (http)
2026-03-15 12:54:16.378 [restartedMain] INFO  o.a.coyote.http11.Http11NioProtocol - Initializing ProtocolHandler ["http-nio-8080"]
2026-03-15 12:54:16.384 [restartedMain] INFO  o.a.catalina.core.StandardService - Starting service [Tomcat]
2026-03-15 12:54:16.385 [restartedMain] INFO  o.a.catalina.core.StandardEngine - Starting Servlet engine: [Apache Tomcat/10.1.31]
2026-03-15 12:54:16.666 [restartedMain] INFO  o.a.c.c.C.[Tomcat].[localhost].[/] - Initializing Spring embedded WebApplicationContext
2026-03-15 12:54:16.667 [restartedMain] INFO  o.s.b.w.s.c.ServletWebServerApplicationContext - Root WebApplicationContext: initialization completed in 19813 ms
2026-03-15 12:54:17.384 [restartedMain] INFO  o.h.jpa.internal.util.LogHelper - HHH000204: Processing PersistenceUnitInfo [name: default]
2026-03-15 12:54:17.695 [restartedMain] INFO  org.hibernate.Version - HHH000412: Hibernate ORM core version 6.5.3.Final
2026-03-15 12:54:17.836 [restartedMain] INFO  o.h.c.i.RegionFactoryInitiator - HHH000026: Second-level cache disabled
2026-03-15 12:54:18.853 [restartedMain] INFO  o.s.o.j.p.SpringPersistenceUnitInfo - No LoadTimeWeaver setup: ignoring JPA class transformer
2026-03-15 12:54:18.965 [restartedMain] INFO  com.zaxxer.hikari.HikariDataSource - HikariCP - Starting...
2026-03-15 12:54:21.984 [restartedMain] INFO  com.zaxxer.hikari.pool.HikariPool - HikariCP - Added connection oracle.jdbc.driver.T4CConnection@6c9684e9
2026-03-15 12:54:21.988 [restartedMain] INFO  com.zaxxer.hikari.HikariDataSource - HikariCP - Start completed.
2026-03-15 12:54:27.410 [restartedMain] INFO  o.h.e.t.j.p.i.JtaPlatformInitiator - HHH000489: No JTA platform available (set 'hibernate.transaction.jta.platform' to enable JTA platform integration)
2026-03-15 12:54:29.044 [restartedMain] INFO  o.h.t.s.e.i.AbstractInformationExtractorImpl - HHH000475: Cannot locate column information using identifier [SYS_NC00010$]; ignoring index [IDX_ANN_PUBLISH_AT]
2026-03-15 12:54:29.519 [restartedMain] INFO  o.s.o.j.LocalContainerEntityManagerFactoryBean - Initialized JPA EntityManagerFactory for persistence unit 'default'
2026-03-15 12:54:31.019 [restartedMain] INFO  o.s.d.j.r.query.QueryEnhancerFactory - Hibernate is in classpath; If applicable, HQL parser will be used.
2026-03-15 12:54:36.055 [restartedMain] INFO  o.s.b.d.a.OptionalLiveReloadServer - LiveReload server is running on port 35729
2026-03-15 12:54:36.448 [restartedMain] INFO  o.a.coyote.http11.Http11NioProtocol - Starting ProtocolHandler ["http-nio-8080"]
2026-03-15 12:54:36.534 [restartedMain] INFO  o.s.b.w.e.tomcat.TomcatWebServer - Tomcat started on port 8080 (http) with context path '/'
2026-03-15 12:54:37.134 [restartedMain] INFO  o.a.k.c.consumer.ConsumerConfig - ConsumerConfig values: 
	allow.auto.create.topics = true
	auto.commit.interval.ms = 5000
	auto.include.jmx.reporter = true
	auto.offset.reset = earliest
	bootstrap.servers = [localhost:9092]
	check.crcs = true
	client.dns.lookup = use_all_dns_ips
	client.id = consumer-notification-id-1
	client.rack = 
	connections.max.idle.ms = 540000
	default.api.timeout.ms = 60000
	enable.auto.commit = false
	enable.metrics.push = true
	exclude.internal.topics = true
	fetch.max.bytes = 52428800
	fetch.max.wait.ms = 500
	fetch.min.bytes = 1
	group.id = notification-id
	group.instance.id = null
	group.protocol = classic
	group.remote.assignor = null
	heartbeat.interval.ms = 3000
	interceptor.classes = []
	internal.leave.group.on.close = true
	internal.throw.on.fetch.stable.offset.unsupported = false
	isolation.level = read_uncommitted
	key.deserializer = class org.apache.kafka.common.serialization.StringDeserializer
	max.partition.fetch.bytes = 1048576
	max.poll.interval.ms = 300000
	max.poll.records = 500
	metadata.max.age.ms = 300000
	metric.reporters = []
	metrics.num.samples = 2
	metrics.recording.level = INFO
	metrics.sample.window.ms = 30000
	partition.assignment.strategy = [class org.apache.kafka.clients.consumer.RangeAssignor, class org.apache.kafka.clients.consumer.CooperativeStickyAssignor]
	receive.buffer.bytes = 65536
	reconnect.backoff.max.ms = 1000
	reconnect.backoff.ms = 50
	request.timeout.ms = 30000
	retry.backoff.max.ms = 1000
	retry.backoff.ms = 100
	sasl.client.callback.handler.class = null
	sasl.jaas.config = null
	sasl.kerberos.kinit.cmd = /usr/bin/kinit
	sasl.kerberos.min.time.before.relogin = 60000
	sasl.kerberos.service.name = null
	sasl.kerberos.ticket.renew.jitter = 0.05
	sasl.kerberos.ticket.renew.window.factor = 0.8
	sasl.login.callback.handler.class = null
	sasl.login.class = null
	sasl.login.connect.timeout.ms = null
	sasl.login.read.timeout.ms = null
	sasl.login.refresh.buffer.seconds = 300
	sasl.login.refresh.min.period.seconds = 60
	sasl.login.refresh.window.factor = 0.8
	sasl.login.refresh.window.jitter = 0.05
	sasl.login.retry.backoff.max.ms = 10000
	sasl.login.retry.backoff.ms = 100
	sasl.mechanism = GSSAPI
	sasl.oauthbearer.clock.skew.seconds = 30
	sasl.oauthbearer.expected.audience = null
	sasl.oauthbearer.expected.issuer = null
	sasl.oauthbearer.jwks.endpoint.refresh.ms = 3600000
	sasl.oauthbearer.jwks.endpoint.retry.backoff.max.ms = 10000
	sasl.oauthbearer.jwks.endpoint.retry.backoff.ms = 100
	sasl.oauthbearer.jwks.endpoint.url = null
	sasl.oauthbearer.scope.claim.name = scope
	sasl.oauthbearer.sub.claim.name = sub
	sasl.oauthbearer.token.endpoint.url = null
	security.protocol = PLAINTEXT
	security.providers = null
	send.buffer.bytes = 131072
	session.timeout.ms = 45000
	socket.connection.setup.timeout.max.ms = 30000
	socket.connection.setup.timeout.ms = 10000
	ssl.cipher.suites = null
	ssl.enabled.protocols = [TLSv1.2, TLSv1.3]
	ssl.endpoint.identification.algorithm = https
	ssl.engine.factory.class = null
	ssl.key.password = null
	ssl.keymanager.algorithm = SunX509
	ssl.keystore.certificate.chain = null
	ssl.keystore.key = null
	ssl.keystore.location = null
	ssl.keystore.password = null
	ssl.keystore.type = JKS
	ssl.protocol = TLSv1.3
	ssl.provider = null
	ssl.secure.random.implementation = null
	ssl.trustmanager.algorithm = PKIX
	ssl.truststore.certificates = null
	ssl.truststore.location = null
	ssl.truststore.password = null
	ssl.truststore.type = JKS
	value.deserializer = class org.apache.kafka.common.serialization.StringDeserializer

2026-03-15 12:54:37.653 [restartedMain] INFO  o.a.k.c.t.i.KafkaMetricsCollector - initializing Kafka metrics collector
2026-03-15 12:54:38.120 [restartedMain] INFO  o.a.kafka.common.utils.AppInfoParser - Kafka version: 3.7.1
2026-03-15 12:54:38.121 [restartedMain] INFO  o.a.kafka.common.utils.AppInfoParser - Kafka commitId: e2494e6ffb89f828
2026-03-15 12:54:38.121 [restartedMain] INFO  o.a.kafka.common.utils.AppInfoParser - Kafka startTimeMs: 1773559478117
2026-03-15 12:54:38.192 [restartedMain] INFO  o.a.k.c.c.i.LegacyKafkaConsumer - [Consumer clientId=consumer-notification-id-1, groupId=notification-id] Subscribed to topic(s): payroll-topic
2026-03-15 12:54:38.231 [restartedMain] INFO  c.example.Portal.PortalApplication - Started PortalApplication in 47.317 seconds (process running for 51.785)
2026-03-15 12:54:40.724 [org.springframework.kafka.KafkaListenerEndpointContainer#0-0-C-1] INFO  org.apache.kafka.clients.Metadata - [Consumer clientId=consumer-notification-id-1, groupId=notification-id] Cluster ID: test-cluster
2026-03-15 12:54:40.763 [org.springframework.kafka.KafkaListenerEndpointContainer#0-0-C-1] INFO  o.a.k.c.c.i.ConsumerCoordinator - [Consumer clientId=consumer-notification-id-1, groupId=notification-id] Discovered group coordinator localhost:9092 (id: 2147483646 rack: null)
2026-03-15 12:54:40.769 [org.springframework.kafka.KafkaListenerEndpointContainer#0-0-C-1] INFO  o.a.k.c.c.i.ConsumerCoordinator - [Consumer clientId=consumer-notification-id-1, groupId=notification-id] (Re-)joining group
2026-03-15 12:54:40.814 [org.springframework.kafka.KafkaListenerEndpointContainer#0-0-C-1] INFO  o.a.k.c.c.i.ConsumerCoordinator - [Consumer clientId=consumer-notification-id-1, groupId=notification-id] Request joining group due to: need to re-join with the given member-id: consumer-notification-id-1-b7d563bf-f5f0-4f0b-a23f-f0ba26eaa60a
2026-03-15 12:54:40.814 [org.springframework.kafka.KafkaListenerEndpointContainer#0-0-C-1] INFO  o.a.k.c.c.i.ConsumerCoordinator - [Consumer clientId=consumer-notification-id-1, groupId=notification-id] (Re-)joining group
2026-03-15 12:54:43.918 [org.springframework.kafka.KafkaListenerEndpointContainer#0-0-C-1] INFO  o.a.k.c.c.i.ConsumerCoordinator - [Consumer clientId=consumer-notification-id-1, groupId=notification-id] Successfully joined group with generation Generation{generationId=3, memberId='consumer-notification-id-1-b7d563bf-f5f0-4f0b-a23f-f0ba26eaa60a', protocol='range'}
2026-03-15 12:54:43.930 [org.springframework.kafka.KafkaListenerEndpointContainer#0-0-C-1] INFO  o.a.k.c.c.i.ConsumerCoordinator - [Consumer clientId=consumer-notification-id-1, groupId=notification-id] Finished assignment for group at generation 3: {consumer-notification-id-1-b7d563bf-f5f0-4f0b-a23f-f0ba26eaa60a=Assignment(partitions=[payroll-topic-0])}
2026-03-15 12:54:44.030 [org.springframework.kafka.KafkaListenerEndpointContainer#0-0-C-1] INFO  o.a.k.c.c.i.ConsumerCoordinator - [Consumer clientId=consumer-notification-id-1, groupId=notification-id] Successfully synced group in generation Generation{generationId=3, memberId='consumer-notification-id-1-b7d563bf-f5f0-4f0b-a23f-f0ba26eaa60a', protocol='range'}
2026-03-15 12:54:44.031 [org.springframework.kafka.KafkaListenerEndpointContainer#0-0-C-1] INFO  o.a.k.c.c.i.ConsumerCoordinator - [Consumer clientId=consumer-notification-id-1, groupId=notification-id] Notifying assignor about the new Assignment(partitions=[payroll-topic-0])
2026-03-15 12:54:44.037 [org.springframework.kafka.KafkaListenerEndpointContainer#0-0-C-1] INFO  o.a.k.c.c.i.ConsumerRebalanceListenerInvoker - [Consumer clientId=consumer-notification-id-1, groupId=notification-id] Adding newly assigned partitions: payroll-topic-0
2026-03-15 12:54:44.069 [org.springframework.kafka.KafkaListenerEndpointContainer#0-0-C-1] INFO  o.a.k.c.c.i.ConsumerCoordinator - [Consumer clientId=consumer-notification-id-1, groupId=notification-id] Found no committed offset for partition payroll-topic-0
2026-03-15 12:54:44.374 [org.springframework.kafka.KafkaListenerEndpointContainer#0-0-C-1] INFO  o.a.k.c.c.i.SubscriptionState - [Consumer clientId=consumer-notification-id-1, groupId=notification-id] Resetting offset for partition payroll-topic-0 to position FetchPosition{offset=0, offsetEpoch=Optional.empty, currentLeader=LeaderAndEpoch{leader=Optional[localhost:9092 (id: 1 rack: null)], epoch=2}}.
2026-03-15 12:54:44.375 [org.springframework.kafka.KafkaListenerEndpointContainer#0-0-C-1] INFO  o.s.k.l.KafkaMessageListenerContainer - notification-id: partitions assigned: [payroll-topic-0]
2026-03-15 13:00:37.263 [org.springframework.kafka.KafkaListenerEndpointContainer#0-0-C-1] INFO  o.a.k.c.c.i.ConsumerRebalanceListenerInvoker - [Consumer clientId=consumer-notification-id-1, groupId=notification-id] Revoke previously assigned partitions payroll-topic-0
2026-03-15 13:00:37.265 [org.springframework.kafka.KafkaListenerEndpointContainer#0-0-C-1] INFO  o.s.k.l.KafkaMessageListenerContainer - notification-id: partitions revoked: [payroll-topic-0]
2026-03-15 13:00:37.266 [org.springframework.kafka.KafkaListenerEndpointContainer#0-0-C-1] INFO  o.a.k.c.c.i.ConsumerCoordinator - [Consumer clientId=consumer-notification-id-1, groupId=notification-id] Member consumer-notification-id-1-b7d563bf-f5f0-4f0b-a23f-f0ba26eaa60a sending LeaveGroup request to coordinator localhost:9092 (id: 2147483646 rack: null) due to the consumer unsubscribed from all topics
2026-03-15 13:00:37.267 [org.springframework.kafka.KafkaListenerEndpointContainer#0-0-C-1] INFO  o.a.k.c.c.i.ConsumerCoordinator - [Consumer clientId=consumer-notification-id-1, groupId=notification-id] Resetting generation and member id due to: consumer pro-actively leaving the group
2026-03-15 13:00:37.268 [org.springframework.kafka.KafkaListenerEndpointContainer#0-0-C-1] INFO  o.a.k.c.c.i.ConsumerCoordinator - [Consumer clientId=consumer-notification-id-1, groupId=notification-id] Request joining group due to: consumer pro-actively leaving the group
2026-03-15 13:00:37.268 [org.springframework.kafka.KafkaListenerEndpointContainer#0-0-C-1] INFO  o.a.k.c.c.i.LegacyKafkaConsumer - [Consumer clientId=consumer-notification-id-1, groupId=notification-id] Unsubscribed all topics or patterns and assigned partitions
2026-03-15 13:00:37.271 [org.springframework.kafka.KafkaListenerEndpointContainer#0-0-C-1] INFO  o.a.k.c.c.i.ConsumerCoordinator - [Consumer clientId=consumer-notification-id-1, groupId=notification-id] Resetting generation and member id due to: consumer pro-actively leaving the group
2026-03-15 13:00:37.271 [org.springframework.kafka.KafkaListenerEndpointContainer#0-0-C-1] INFO  o.a.k.c.c.i.ConsumerCoordinator - [Consumer clientId=consumer-notification-id-1, groupId=notification-id] Request joining group due to: consumer pro-actively leaving the group
2026-03-15 13:00:37.388 [org.springframework.kafka.KafkaListenerEndpointContainer#0-0-C-1] INFO  o.a.kafka.common.metrics.Metrics - Metrics scheduler closed
2026-03-15 13:00:37.388 [org.springframework.kafka.KafkaListenerEndpointContainer#0-0-C-1] INFO  o.a.kafka.common.metrics.Metrics - Closing reporter org.apache.kafka.common.metrics.JmxReporter
2026-03-15 13:00:37.388 [org.springframework.kafka.KafkaListenerEndpointContainer#0-0-C-1] INFO  o.a.kafka.common.metrics.Metrics - Closing reporter org.apache.kafka.common.telemetry.internals.ClientTelemetryReporter
2026-03-15 13:00:37.388 [org.springframework.kafka.KafkaListenerEndpointContainer#0-0-C-1] INFO  o.a.kafka.common.metrics.Metrics - Metrics reporters closed
2026-03-15 13:00:37.413 [org.springframework.kafka.KafkaListenerEndpointContainer#0-0-C-1] INFO  o.a.kafka.common.utils.AppInfoParser - App info kafka.consumer for consumer-notification-id-1 unregistered
2026-03-15 13:00:37.416 [org.springframework.kafka.KafkaListenerEndpointContainer#0-0-C-1] INFO  o.s.k.l.KafkaMessageListenerContainer - notification-id: Consumer stopped
2026-03-15 13:00:37.453 [SpringApplicationShutdownHook] INFO  o.s.o.j.LocalContainerEntityManagerFactoryBean - Closing JPA EntityManagerFactory for persistence unit 'default'
2026-03-15 13:00:37.470 [SpringApplicationShutdownHook] INFO  com.zaxxer.hikari.HikariDataSource - HikariCP - Shutdown initiated...
2026-03-15 13:00:37.624 [SpringApplicationShutdownHook] INFO  com.zaxxer.hikari.HikariDataSource - HikariCP - Shutdown completed.
2026-03-15 13:02:41.138 [restartedMain] INFO  c.example.Portal.PortalApplication - Starting PortalApplication using Java 21.0.9 with PID 12172 (G:\MyPortal\Portal\target\classes started by PAWAN in G:\MyPortal)
2026-03-15 13:02:41.142 [restartedMain] INFO  c.example.Portal.PortalApplication - No active profile set, falling back to 1 default profile: "default"
2026-03-15 13:02:41.276 [restartedMain] INFO  o.s.b.d.restart.ChangeableUrls - The Class-Path manifest attribute in C:\Users\PAWAN\.m2\repository\com\oracle\database\jdbc\ojdbc11\23.3.0.23.09\ojdbc11-23.3.0.23.09.jar referenced one or more files that do not exist: file:/C:/Users/PAWAN/.m2/repository/com/oracle/database/jdbc/ojdbc11/23.3.0.23.09/oraclepki.jar
2026-03-15 13:02:41.276 [restartedMain] INFO  o.s.b.d.e.DevToolsPropertyDefaultsPostProcessor - Devtools property defaults active! Set 'spring.devtools.add-properties' to 'false' to disable
2026-03-15 13:02:41.276 [restartedMain] INFO  o.s.b.d.e.DevToolsPropertyDefaultsPostProcessor - For additional web related logging consider setting the 'logging.level.web' property to 'DEBUG'
2026-03-15 13:02:45.564 [restartedMain] INFO  o.s.d.r.c.RepositoryConfigurationDelegate - Bootstrapping Spring Data JPA repositories in DEFAULT mode.
2026-03-15 13:02:45.867 [restartedMain] INFO  o.s.d.r.c.RepositoryConfigurationDelegate - Finished Spring Data repository scanning in 268 ms. Found 15 JPA repository interfaces.
2026-03-15 13:02:46.570 [restartedMain] INFO  o.s.cloud.context.scope.GenericScope - BeanFactory id=b4bf4ef4-577a-3e49-8069-a25e8a1ad954
2026-03-15 13:02:49.847 [restartedMain] INFO  o.s.b.w.e.tomcat.TomcatWebServer - Tomcat initialized with port 8080 (http)
2026-03-15 13:02:49.862 [restartedMain] INFO  o.a.coyote.http11.Http11NioProtocol - Initializing ProtocolHandler ["http-nio-8080"]
2026-03-15 13:02:49.878 [restartedMain] INFO  o.a.catalina.core.StandardService - Starting service [Tomcat]
2026-03-15 13:02:49.878 [restartedMain] INFO  o.a.catalina.core.StandardEngine - Starting Servlet engine: [Apache Tomcat/10.1.31]
2026-03-15 13:02:50.104 [restartedMain] INFO  o.a.c.c.C.[Tomcat].[localhost].[/] - Initializing Spring embedded WebApplicationContext
2026-03-15 13:02:50.106 [restartedMain] INFO  o.s.b.w.s.c.ServletWebServerApplicationContext - Root WebApplicationContext: initialization completed in 8826 ms
2026-03-15 13:02:50.896 [restartedMain] INFO  o.h.jpa.internal.util.LogHelper - HHH000204: Processing PersistenceUnitInfo [name: default]
2026-03-15 13:02:51.155 [restartedMain] INFO  org.hibernate.Version - HHH000412: Hibernate ORM core version 6.5.3.Final
2026-03-15 13:02:51.257 [restartedMain] INFO  o.h.c.i.RegionFactoryInitiator - HHH000026: Second-level cache disabled
2026-03-15 13:02:52.457 [restartedMain] INFO  o.s.o.j.p.SpringPersistenceUnitInfo - No LoadTimeWeaver setup: ignoring JPA class transformer
2026-03-15 13:02:52.602 [restartedMain] INFO  com.zaxxer.hikari.HikariDataSource - HikariCP - Starting...
2026-03-15 13:02:54.845 [restartedMain] INFO  com.zaxxer.hikari.pool.HikariPool - HikariCP - Added connection oracle.jdbc.driver.T4CConnection@64fc0ef2
2026-03-15 13:02:54.849 [restartedMain] INFO  com.zaxxer.hikari.HikariDataSource - HikariCP - Start completed.
2026-03-15 13:02:59.628 [restartedMain] INFO  o.h.e.t.j.p.i.JtaPlatformInitiator - HHH000489: No JTA platform available (set 'hibernate.transaction.jta.platform' to enable JTA platform integration)
2026-03-15 13:03:00.150 [restartedMain] INFO  o.h.t.s.e.i.AbstractInformationExtractorImpl - HHH000475: Cannot locate column information using identifier [SYS_NC00010$]; ignoring index [IDX_ANN_PUBLISH_AT]
2026-03-15 13:03:00.614 [restartedMain] INFO  o.s.o.j.LocalContainerEntityManagerFactoryBean - Initialized JPA EntityManagerFactory for persistence unit 'default'
2026-03-15 13:03:02.861 [restartedMain] INFO  o.s.d.j.r.query.QueryEnhancerFactory - Hibernate is in classpath; If applicable, HQL parser will be used.
2026-03-15 13:03:08.946 [restartedMain] INFO  o.s.b.d.a.OptionalLiveReloadServer - LiveReload server is running on port 35729
2026-03-15 13:03:09.403 [restartedMain] INFO  o.a.coyote.http11.Http11NioProtocol - Starting ProtocolHandler ["http-nio-8080"]
2026-03-15 13:03:09.434 [restartedMain] INFO  o.s.b.w.e.tomcat.TomcatWebServer - Tomcat started on port 8080 (http) with context path '/'
2026-03-15 13:03:09.634 [restartedMain] INFO  o.a.k.c.consumer.ConsumerConfig - ConsumerConfig values: 
	allow.auto.create.topics = true
	auto.commit.interval.ms = 5000
	auto.include.jmx.reporter = true
	auto.offset.reset = earliest
	bootstrap.servers = [localhost:9092]
	check.crcs = true
	client.dns.lookup = use_all_dns_ips
	client.id = consumer-notification-id-1
	client.rack = 
	connections.max.idle.ms = 540000
	default.api.timeout.ms = 60000
	enable.auto.commit = false
	enable.metrics.push = true
	exclude.internal.topics = true
	fetch.max.bytes = 52428800
	fetch.max.wait.ms = 500
	fetch.min.bytes = 1
	group.id = notification-id
	group.instance.id = null
	group.protocol = classic
	group.remote.assignor = null
	heartbeat.interval.ms = 3000
	interceptor.classes = []
	internal.leave.group.on.close = true
	internal.throw.on.fetch.stable.offset.unsupported = false
	isolation.level = read_uncommitted
	key.deserializer = class org.apache.kafka.common.serialization.StringDeserializer
	max.partition.fetch.bytes = 1048576
	max.poll.interval.ms = 300000
	max.poll.records = 500
	metadata.max.age.ms = 300000
	metric.reporters = []
	metrics.num.samples = 2
	metrics.recording.level = INFO
	metrics.sample.window.ms = 30000
	partition.assignment.strategy = [class org.apache.kafka.clients.consumer.RangeAssignor, class org.apache.kafka.clients.consumer.CooperativeStickyAssignor]
	receive.buffer.bytes = 65536
	reconnect.backoff.max.ms = 1000
	reconnect.backoff.ms = 50
	request.timeout.ms = 30000
	retry.backoff.max.ms = 1000
	retry.backoff.ms = 100
	sasl.client.callback.handler.class = null
	sasl.jaas.config = null
	sasl.kerberos.kinit.cmd = /usr/bin/kinit
	sasl.kerberos.min.time.before.relogin = 60000
	sasl.kerberos.service.name = null
	sasl.kerberos.ticket.renew.jitter = 0.05
	sasl.kerberos.ticket.renew.window.factor = 0.8
	sasl.login.callback.handler.class = null
	sasl.login.class = null
	sasl.login.connect.timeout.ms = null
	sasl.login.read.timeout.ms = null
	sasl.login.refresh.buffer.seconds = 300
	sasl.login.refresh.min.period.seconds = 60
	sasl.login.refresh.window.factor = 0.8
	sasl.login.refresh.window.jitter = 0.05
	sasl.login.retry.backoff.max.ms = 10000
	sasl.login.retry.backoff.ms = 100
	sasl.mechanism = GSSAPI
	sasl.oauthbearer.clock.skew.seconds = 30
	sasl.oauthbearer.expected.audience = null
	sasl.oauthbearer.expected.issuer = null
	sasl.oauthbearer.jwks.endpoint.refresh.ms = 3600000
	sasl.oauthbearer.jwks.endpoint.retry.backoff.max.ms = 10000
	sasl.oauthbearer.jwks.endpoint.retry.backoff.ms = 100
	sasl.oauthbearer.jwks.endpoint.url = null
	sasl.oauthbearer.scope.claim.name = scope
	sasl.oauthbearer.sub.claim.name = sub
	sasl.oauthbearer.token.endpoint.url = null
	security.protocol = PLAINTEXT
	security.providers = null
	send.buffer.bytes = 131072
	session.timeout.ms = 45000
	socket.connection.setup.timeout.max.ms = 30000
	socket.connection.setup.timeout.ms = 10000
	ssl.cipher.suites = null
	ssl.enabled.protocols = [TLSv1.2, TLSv1.3]
	ssl.endpoint.identification.algorithm = https
	ssl.engine.factory.class = null
	ssl.key.password = null
	ssl.keymanager.algorithm = SunX509
	ssl.keystore.certificate.chain = null
	ssl.keystore.key = null
	ssl.keystore.location = null
	ssl.keystore.password = null
	ssl.keystore.type = JKS
	ssl.protocol = TLSv1.3
	ssl.provider = null
	ssl.secure.random.implementation = null
	ssl.trustmanager.algorithm = PKIX
	ssl.truststore.certificates = null
	ssl.truststore.location = null
	ssl.truststore.password = null
	ssl.truststore.type = JKS
	value.deserializer = class org.apache.kafka.common.serialization.StringDeserializer

2026-03-15 13:03:09.817 [restartedMain] INFO  o.a.k.c.t.i.KafkaMetricsCollector - initializing Kafka metrics collector
2026-03-15 13:03:10.195 [restartedMain] INFO  o.a.kafka.common.utils.AppInfoParser - Kafka version: 3.7.1
2026-03-15 13:03:10.195 [restartedMain] INFO  o.a.kafka.common.utils.AppInfoParser - Kafka commitId: e2494e6ffb89f828
2026-03-15 13:03:10.196 [restartedMain] INFO  o.a.kafka.common.utils.AppInfoParser - Kafka startTimeMs: 1773559990192
2026-03-15 13:03:10.206 [restartedMain] INFO  o.a.k.c.c.i.LegacyKafkaConsumer - [Consumer clientId=consumer-notification-id-1, groupId=notification-id] Subscribed to topic(s): payroll-topic
2026-03-15 13:03:10.319 [restartedMain] INFO  c.example.Portal.PortalApplication - Started PortalApplication in 33.232 seconds (process running for 35.836)
2026-03-15 13:03:13.666 [org.springframework.kafka.KafkaListenerEndpointContainer#0-0-C-1] INFO  org.apache.kafka.clients.Metadata - [Consumer clientId=consumer-notification-id-1, groupId=notification-id] Cluster ID: test-cluster
2026-03-15 13:03:13.814 [org.springframework.kafka.KafkaListenerEndpointContainer#0-0-C-1] INFO  o.a.k.c.c.i.ConsumerCoordinator - [Consumer clientId=consumer-notification-id-1, groupId=notification-id] Discovered group coordinator localhost:9092 (id: 2147483646 rack: null)
2026-03-15 13:03:13.923 [org.springframework.kafka.KafkaListenerEndpointContainer#0-0-C-1] INFO  o.a.k.c.c.i.ConsumerCoordinator - [Consumer clientId=consumer-notification-id-1, groupId=notification-id] (Re-)joining group
2026-03-15 13:03:14.901 [org.springframework.kafka.KafkaListenerEndpointContainer#0-0-C-1] INFO  o.a.k.c.c.i.ConsumerCoordinator - [Consumer clientId=consumer-notification-id-1, groupId=notification-id] Request joining group due to: need to re-join with the given member-id: consumer-notification-id-1-a3e77e12-d725-4316-a851-3c0ec790230e
2026-03-15 13:03:14.902 [org.springframework.kafka.KafkaListenerEndpointContainer#0-0-C-1] INFO  o.a.k.c.c.i.ConsumerCoordinator - [Consumer clientId=consumer-notification-id-1, groupId=notification-id] (Re-)joining group
2026-03-15 13:03:18.131 [org.springframework.kafka.KafkaListenerEndpointContainer#0-0-C-1] INFO  o.a.k.c.c.i.ConsumerCoordinator - [Consumer clientId=consumer-notification-id-1, groupId=notification-id] Successfully joined group with generation Generation{generationId=1, memberId='consumer-notification-id-1-a3e77e12-d725-4316-a851-3c0ec790230e', protocol='range'}
2026-03-15 13:03:18.708 [org.springframework.kafka.KafkaListenerEndpointContainer#0-0-C-1] INFO  o.a.k.c.c.i.ConsumerCoordinator - [Consumer clientId=consumer-notification-id-1, groupId=notification-id] Finished assignment for group at generation 1: {consumer-notification-id-1-a3e77e12-d725-4316-a851-3c0ec790230e=Assignment(partitions=[payroll-topic-0])}
2026-03-15 13:03:19.354 [org.springframework.kafka.KafkaListenerEndpointContainer#0-0-C-1] INFO  o.a.k.c.c.i.ConsumerCoordinator - [Consumer clientId=consumer-notification-id-1, groupId=notification-id] Successfully synced group in generation Generation{generationId=1, memberId='consumer-notification-id-1-a3e77e12-d725-4316-a851-3c0ec790230e', protocol='range'}
2026-03-15 13:03:19.355 [org.springframework.kafka.KafkaListenerEndpointContainer#0-0-C-1] INFO  o.a.k.c.c.i.ConsumerCoordinator - [Consumer clientId=consumer-notification-id-1, groupId=notification-id] Notifying assignor about the new Assignment(partitions=[payroll-topic-0])
2026-03-15 13:03:19.448 [org.springframework.kafka.KafkaListenerEndpointContainer#0-0-C-1] INFO  o.a.k.c.c.i.ConsumerRebalanceListenerInvoker - [Consumer clientId=consumer-notification-id-1, groupId=notification-id] Adding newly assigned partitions: payroll-topic-0
2026-03-15 13:03:19.808 [org.springframework.kafka.KafkaListenerEndpointContainer#0-0-C-1] INFO  o.a.k.c.c.i.ConsumerCoordinator - [Consumer clientId=consumer-notification-id-1, groupId=notification-id] Found no committed offset for partition payroll-topic-0
2026-03-15 13:03:20.525 [org.springframework.kafka.KafkaListenerEndpointContainer#0-0-C-1] INFO  o.a.k.c.c.i.SubscriptionState - [Consumer clientId=consumer-notification-id-1, groupId=notification-id] Resetting offset for partition payroll-topic-0 to position FetchPosition{offset=0, offsetEpoch=Optional.empty, currentLeader=LeaderAndEpoch{leader=Optional[localhost:9092 (id: 1 rack: null)], epoch=2}}.
2026-03-15 13:03:20.527 [org.springframework.kafka.KafkaListenerEndpointContainer#0-0-C-1] INFO  o.s.k.l.KafkaMessageListenerContainer - notification-id: partitions assigned: [payroll-topic-0]
2026-03-15 13:12:14.026 [org.springframework.kafka.KafkaListenerEndpointContainer#0-0-C-1] INFO  o.apache.kafka.clients.NetworkClient - [Consumer clientId=consumer-notification-id-1, groupId=notification-id] Node -1 disconnected.
2026-03-15 13:16:06.938 [http-nio-8080-exec-1] INFO  o.a.c.c.C.[Tomcat].[localhost].[/] - Initializing Spring DispatcherServlet 'dispatcherServlet'
2026-03-15 13:16:06.938 [http-nio-8080-exec-1] INFO  o.s.web.servlet.DispatcherServlet - Initializing Servlet 'dispatcherServlet'
2026-03-15 13:16:07.007 [http-nio-8080-exec-1] INFO  o.s.web.servlet.DispatcherServlet - Completed initialization in 67 ms
2026-03-15 13:16:32.104 [http-nio-8080-exec-6] INFO  c.e.Portal.Service.LoginService - Login success
2026-03-15 13:17:16.970 [http-nio-8080-exec-4] INFO  o.a.k.c.producer.ProducerConfig - ProducerConfig values: 
	acks = -1
	auto.include.jmx.reporter = true
	batch.size = 16384
	bootstrap.servers = [localhost:9092]
	buffer.memory = 33554432
	client.dns.lookup = use_all_dns_ips
	client.id = Portal-producer-1
	compression.type = none
	connections.max.idle.ms = 540000
	delivery.timeout.ms = 120000
	enable.idempotence = true
	enable.metrics.push = true
	interceptor.classes = []
	key.serializer = class org.apache.kafka.common.serialization.StringSerializer
	linger.ms = 0
	max.block.ms = 60000
	max.in.flight.requests.per.connection = 5
	max.request.size = 1048576
	metadata.max.age.ms = 300000
	metadata.max.idle.ms = 300000
	metric.reporters = []
	metrics.num.samples = 2
	metrics.recording.level = INFO
	metrics.sample.window.ms = 30000
	partitioner.adaptive.partitioning.enable = true
	partitioner.availability.timeout.ms = 0
	partitioner.class = null
	partitioner.ignore.keys = false
	receive.buffer.bytes = 32768
	reconnect.backoff.max.ms = 1000
	reconnect.backoff.ms = 50
	request.timeout.ms = 30000
	retries = 2147483647
	retry.backoff.max.ms = 1000
	retry.backoff.ms = 100
	sasl.client.callback.handler.class = null
	sasl.jaas.config = null
	sasl.kerberos.kinit.cmd = /usr/bin/kinit
	sasl.kerberos.min.time.before.relogin = 60000
	sasl.kerberos.service.name = null
	sasl.kerberos.ticket.renew.jitter = 0.05
	sasl.kerberos.ticket.renew.window.factor = 0.8
	sasl.login.callback.handler.class = null
	sasl.login.class = null
	sasl.login.connect.timeout.ms = null
	sasl.login.read.timeout.ms = null
	sasl.login.refresh.buffer.seconds = 300
	sasl.login.refresh.min.period.seconds = 60
	sasl.login.refresh.window.factor = 0.8
	sasl.login.refresh.window.jitter = 0.05
	sasl.login.retry.backoff.max.ms = 10000
	sasl.login.retry.backoff.ms = 100
	sasl.mechanism = GSSAPI
	sasl.oauthbearer.clock.skew.seconds = 30
	sasl.oauthbearer.expected.audience = null
	sasl.oauthbearer.expected.issuer = null
	sasl.oauthbearer.jwks.endpoint.refresh.ms = 3600000
	sasl.oauthbearer.jwks.endpoint.retry.backoff.max.ms = 10000
	sasl.oauthbearer.jwks.endpoint.retry.backoff.ms = 100
	sasl.oauthbearer.jwks.endpoint.url = null
	sasl.oauthbearer.scope.claim.name = scope
	sasl.oauthbearer.sub.claim.name = sub
	sasl.oauthbearer.token.endpoint.url = null
	security.protocol = PLAINTEXT
	security.providers = null
	send.buffer.bytes = 131072
	socket.connection.setup.timeout.max.ms = 30000
	socket.connection.setup.timeout.ms = 10000
	ssl.cipher.suites = null
	ssl.enabled.protocols = [TLSv1.2, TLSv1.3]
	ssl.endpoint.identification.algorithm = https
	ssl.engine.factory.class = null
	ssl.key.password = null
	ssl.keymanager.algorithm = SunX509
	ssl.keystore.certificate.chain = null
	ssl.keystore.key = null
	ssl.keystore.location = null
	ssl.keystore.password = null
	ssl.keystore.type = JKS
	ssl.protocol = TLSv1.3
	ssl.provider = null
	ssl.secure.random.implementation = null
	ssl.trustmanager.algorithm = PKIX
	ssl.truststore.certificates = null
	ssl.truststore.location = null
	ssl.truststore.password = null
	ssl.truststore.type = JKS
	transaction.timeout.ms = 60000
	transactional.id = null
	value.serializer = class org.apache.kafka.common.serialization.StringSerializer

2026-03-15 13:17:16.984 [http-nio-8080-exec-4] INFO  o.a.k.c.t.i.KafkaMetricsCollector - initializing Kafka metrics collector
2026-03-15 13:17:17.028 [http-nio-8080-exec-4] INFO  o.a.k.clients.producer.KafkaProducer - [Producer clientId=Portal-producer-1] Instantiated an idempotent producer.
2026-03-15 13:17:17.099 [http-nio-8080-exec-4] INFO  o.a.kafka.common.utils.AppInfoParser - Kafka version: 3.7.1
2026-03-15 13:17:17.103 [http-nio-8080-exec-4] INFO  o.a.kafka.common.utils.AppInfoParser - Kafka commitId: e2494e6ffb89f828
2026-03-15 13:17:17.103 [http-nio-8080-exec-4] INFO  o.a.kafka.common.utils.AppInfoParser - Kafka startTimeMs: 1773560837099
2026-03-15 13:17:17.172 [kafka-producer-network-thread | Portal-producer-1] INFO  org.apache.kafka.clients.Metadata - [Producer clientId=Portal-producer-1] Cluster ID: test-cluster
2026-03-15 13:17:18.023 [kafka-producer-network-thread | Portal-producer-1] INFO  o.a.k.c.p.i.TransactionManager - [Producer clientId=Portal-producer-1] ProducerId set to 0 with epoch 0
2026-03-15 13:18:52.379 [org.springframework.kafka.KafkaListenerEndpointContainer#0-0-C-1] INFO  o.a.k.c.c.i.ConsumerRebalanceListenerInvoker - [Consumer clientId=consumer-notification-id-1, groupId=notification-id] Revoke previously assigned partitions payroll-topic-0
2026-03-15 13:18:52.380 [org.springframework.kafka.KafkaListenerEndpointContainer#0-0-C-1] INFO  o.s.k.l.KafkaMessageListenerContainer - notification-id: partitions revoked: [payroll-topic-0]
2026-03-15 13:18:52.383 [org.springframework.kafka.KafkaListenerEndpointContainer#0-0-C-1] INFO  o.a.k.c.c.i.ConsumerCoordinator - [Consumer clientId=consumer-notification-id-1, groupId=notification-id] Member consumer-notification-id-1-a3e77e12-d725-4316-a851-3c0ec790230e sending LeaveGroup request to coordinator localhost:9092 (id: 2147483646 rack: null) due to the consumer unsubscribed from all topics
2026-03-15 13:18:52.384 [org.springframework.kafka.KafkaListenerEndpointContainer#0-0-C-1] INFO  o.a.k.c.c.i.ConsumerCoordinator - [Consumer clientId=consumer-notification-id-1, groupId=notification-id] Resetting generation and member id due to: consumer pro-actively leaving the group
2026-03-15 13:18:52.384 [org.springframework.kafka.KafkaListenerEndpointContainer#0-0-C-1] INFO  o.a.k.c.c.i.ConsumerCoordinator - [Consumer clientId=consumer-notification-id-1, groupId=notification-id] Request joining group due to: consumer pro-actively leaving the group
2026-03-15 13:18:52.384 [org.springframework.kafka.KafkaListenerEndpointContainer#0-0-C-1] INFO  o.a.k.c.c.i.LegacyKafkaConsumer - [Consumer clientId=consumer-notification-id-1, groupId=notification-id] Unsubscribed all topics or patterns and assigned partitions
2026-03-15 13:18:52.387 [org.springframework.kafka.KafkaListenerEndpointContainer#0-0-C-1] INFO  o.a.k.c.c.i.ConsumerCoordinator - [Consumer clientId=consumer-notification-id-1, groupId=notification-id] Resetting generation and member id due to: consumer pro-actively leaving the group
2026-03-15 13:18:52.387 [org.springframework.kafka.KafkaListenerEndpointContainer#0-0-C-1] INFO  o.a.k.c.c.i.ConsumerCoordinator - [Consumer clientId=consumer-notification-id-1, groupId=notification-id] Request joining group due to: consumer pro-actively leaving the group
2026-03-15 13:18:52.497 [org.springframework.kafka.KafkaListenerEndpointContainer#0-0-C-1] INFO  o.a.kafka.common.metrics.Metrics - Metrics scheduler closed
2026-03-15 13:18:52.498 [org.springframework.kafka.KafkaListenerEndpointContainer#0-0-C-1] INFO  o.a.kafka.common.metrics.Metrics - Closing reporter org.apache.kafka.common.metrics.JmxReporter
2026-03-15 13:18:52.498 [org.springframework.kafka.KafkaListenerEndpointContainer#0-0-C-1] INFO  o.a.kafka.common.metrics.Metrics - Closing reporter org.apache.kafka.common.telemetry.internals.ClientTelemetryReporter
2026-03-15 13:18:52.498 [org.springframework.kafka.KafkaListenerEndpointContainer#0-0-C-1] INFO  o.a.kafka.common.metrics.Metrics - Metrics reporters closed
2026-03-15 13:18:52.516 [org.springframework.kafka.KafkaListenerEndpointContainer#0-0-C-1] INFO  o.a.kafka.common.utils.AppInfoParser - App info kafka.consumer for consumer-notification-id-1 unregistered
2026-03-15 13:18:52.517 [org.springframework.kafka.KafkaListenerEndpointContainer#0-0-C-1] INFO  o.s.k.l.KafkaMessageListenerContainer - notification-id: Consumer stopped
2026-03-15 13:18:52.610 [SpringApplicationShutdownHook] INFO  o.a.k.clients.producer.KafkaProducer - [Producer clientId=Portal-producer-1] Closing the Kafka producer with timeoutMillis = 30000 ms.
2026-03-15 13:18:52.619 [SpringApplicationShutdownHook] INFO  o.a.kafka.common.metrics.Metrics - Metrics scheduler closed
2026-03-15 13:18:52.619 [SpringApplicationShutdownHook] INFO  o.a.kafka.common.metrics.Metrics - Closing reporter org.apache.kafka.common.metrics.JmxReporter
2026-03-15 13:18:52.619 [SpringApplicationShutdownHook] INFO  o.a.kafka.common.metrics.Metrics - Closing reporter org.apache.kafka.common.telemetry.internals.ClientTelemetryReporter
2026-03-15 13:18:52.619 [SpringApplicationShutdownHook] INFO  o.a.kafka.common.metrics.Metrics - Metrics reporters closed
2026-03-15 13:18:52.621 [SpringApplicationShutdownHook] INFO  o.a.kafka.common.utils.AppInfoParser - App info kafka.producer for Portal-producer-1 unregistered
2026-03-15 13:18:52.639 [SpringApplicationShutdownHook] INFO  o.s.o.j.LocalContainerEntityManagerFactoryBean - Closing JPA EntityManagerFactory for persistence unit 'default'
2026-03-15 13:18:52.665 [SpringApplicationShutdownHook] INFO  com.zaxxer.hikari.HikariDataSource - HikariCP - Shutdown initiated...
2026-03-15 13:18:53.120 [SpringApplicationShutdownHook] INFO  com.zaxxer.hikari.HikariDataSource - HikariCP - Shutdown completed.
2026-03-15 13:22:44.906 [restartedMain] INFO  c.example.Portal.PortalApplication - Starting PortalApplication using Java 21.0.9 with PID 2924 (G:\MyPortal\Portal\target\classes started by PAWAN in G:\MyPortal)
2026-03-15 13:22:44.911 [restartedMain] INFO  c.example.Portal.PortalApplication - No active profile set, falling back to 1 default profile: "default"
2026-03-15 13:22:45.338 [restartedMain] INFO  o.s.b.d.restart.ChangeableUrls - The Class-Path manifest attribute in C:\Users\PAWAN\.m2\repository\com\oracle\database\jdbc\ojdbc11\23.3.0.23.09\ojdbc11-23.3.0.23.09.jar referenced one or more files that do not exist: file:/C:/Users/PAWAN/.m2/repository/com/oracle/database/jdbc/ojdbc11/23.3.0.23.09/oraclepki.jar
2026-03-15 13:22:45.338 [restartedMain] INFO  o.s.b.d.e.DevToolsPropertyDefaultsPostProcessor - Devtools property defaults active! Set 'spring.devtools.add-properties' to 'false' to disable
2026-03-15 13:22:45.338 [restartedMain] INFO  o.s.b.d.e.DevToolsPropertyDefaultsPostProcessor - For additional web related logging consider setting the 'logging.level.web' property to 'DEBUG'
2026-03-15 13:22:50.951 [restartedMain] INFO  o.s.d.r.c.RepositoryConfigurationDelegate - Bootstrapping Spring Data JPA repositories in DEFAULT mode.
2026-03-15 13:22:51.182 [restartedMain] INFO  o.s.d.r.c.RepositoryConfigurationDelegate - Finished Spring Data repository scanning in 216 ms. Found 15 JPA repository interfaces.
2026-03-15 13:22:51.828 [restartedMain] INFO  o.s.cloud.context.scope.GenericScope - BeanFactory id=b0638664-72ac-3982-9c7a-cfa35f1ca7c6
2026-03-15 13:22:53.798 [restartedMain] INFO  o.s.b.w.e.tomcat.TomcatWebServer - Tomcat initialized with port 8080 (http)
2026-03-15 13:22:53.813 [restartedMain] INFO  o.a.coyote.http11.Http11NioProtocol - Initializing ProtocolHandler ["http-nio-8080"]
2026-03-15 13:22:53.817 [restartedMain] INFO  o.a.catalina.core.StandardService - Starting service [Tomcat]
2026-03-15 13:22:53.817 [restartedMain] INFO  o.a.catalina.core.StandardEngine - Starting Servlet engine: [Apache Tomcat/10.1.31]
2026-03-15 13:22:53.914 [restartedMain] INFO  o.a.c.c.C.[Tomcat].[localhost].[/] - Initializing Spring embedded WebApplicationContext
2026-03-15 13:22:53.915 [restartedMain] INFO  o.s.b.w.s.c.ServletWebServerApplicationContext - Root WebApplicationContext: initialization completed in 8575 ms
2026-03-15 13:22:54.133 [restartedMain] INFO  o.a.catalina.core.StandardService - Stopping service [Tomcat]
2026-03-15 13:22:54.359 [restartedMain] INFO  o.s.b.a.l.ConditionEvaluationReportLogger - 

Error starting ApplicationContext. To display the condition evaluation report re-run your application with 'debug' enabled.
2026-03-15 13:23:15.735 [restartedMain] INFO  c.example.Portal.PortalApplication - Starting PortalApplication using Java 21.0.9 with PID 19668 (G:\MyPortal\Portal\target\classes started by PAWAN in G:\MyPortal)
2026-03-15 13:23:15.739 [restartedMain] INFO  c.example.Portal.PortalApplication - No active profile set, falling back to 1 default profile: "default"
2026-03-15 13:23:15.881 [restartedMain] INFO  o.s.b.d.restart.ChangeableUrls - The Class-Path manifest attribute in C:\Users\PAWAN\.m2\repository\com\oracle\database\jdbc\ojdbc11\23.3.0.23.09\ojdbc11-23.3.0.23.09.jar referenced one or more files that do not exist: file:/C:/Users/PAWAN/.m2/repository/com/oracle/database/jdbc/ojdbc11/23.3.0.23.09/oraclepki.jar
2026-03-15 13:23:15.881 [restartedMain] INFO  o.s.b.d.e.DevToolsPropertyDefaultsPostProcessor - Devtools property defaults active! Set 'spring.devtools.add-properties' to 'false' to disable
2026-03-15 13:23:15.881 [restartedMain] INFO  o.s.b.d.e.DevToolsPropertyDefaultsPostProcessor - For additional web related logging consider setting the 'logging.level.web' property to 'DEBUG'
2026-03-15 13:23:18.253 [restartedMain] INFO  o.s.d.r.c.RepositoryConfigurationDelegate - Bootstrapping Spring Data JPA repositories in DEFAULT mode.
2026-03-15 13:23:18.456 [restartedMain] INFO  o.s.d.r.c.RepositoryConfigurationDelegate - Finished Spring Data repository scanning in 186 ms. Found 15 JPA repository interfaces.
2026-03-15 13:23:19.051 [restartedMain] INFO  o.s.cloud.context.scope.GenericScope - BeanFactory id=b0638664-72ac-3982-9c7a-cfa35f1ca7c6
2026-03-15 13:23:20.192 [restartedMain] INFO  o.s.b.w.e.tomcat.TomcatWebServer - Tomcat initialized with port 8080 (http)
2026-03-15 13:23:20.208 [restartedMain] INFO  o.a.coyote.http11.Http11NioProtocol - Initializing ProtocolHandler ["http-nio-8080"]
2026-03-15 13:23:20.215 [restartedMain] INFO  o.a.catalina.core.StandardService - Starting service [Tomcat]
2026-03-15 13:23:20.215 [restartedMain] INFO  o.a.catalina.core.StandardEngine - Starting Servlet engine: [Apache Tomcat/10.1.31]
2026-03-15 13:23:20.317 [restartedMain] INFO  o.a.c.c.C.[Tomcat].[localhost].[/] - Initializing Spring embedded WebApplicationContext
2026-03-15 13:23:20.317 [restartedMain] INFO  o.s.b.w.s.c.ServletWebServerApplicationContext - Root WebApplicationContext: initialization completed in 4434 ms
2026-03-15 13:23:20.488 [restartedMain] INFO  o.a.catalina.core.StandardService - Stopping service [Tomcat]
2026-03-15 13:23:20.827 [restartedMain] INFO  o.s.b.a.l.ConditionEvaluationReportLogger - 

Error starting ApplicationContext. To display the condition evaluation report re-run your application with 'debug' enabled.
2026-03-15 13:24:28.955 [restartedMain] INFO  c.example.Portal.PortalApplication - Starting PortalApplication using Java 21.0.9 with PID 11012 (G:\MyPortal\Portal\target\classes started by PAWAN in G:\MyPortal)
2026-03-15 13:24:28.957 [restartedMain] INFO  c.example.Portal.PortalApplication - No active profile set, falling back to 1 default profile: "default"
2026-03-15 13:24:29.067 [restartedMain] INFO  o.s.b.d.restart.ChangeableUrls - The Class-Path manifest attribute in C:\Users\PAWAN\.m2\repository\com\oracle\database\jdbc\ojdbc11\23.3.0.23.09\ojdbc11-23.3.0.23.09.jar referenced one or more files that do not exist: file:/C:/Users/PAWAN/.m2/repository/com/oracle/database/jdbc/ojdbc11/23.3.0.23.09/oraclepki.jar
2026-03-15 13:24:29.069 [restartedMain] INFO  o.s.b.d.e.DevToolsPropertyDefaultsPostProcessor - Devtools property defaults active! Set 'spring.devtools.add-properties' to 'false' to disable
2026-03-15 13:24:29.069 [restartedMain] INFO  o.s.b.d.e.DevToolsPropertyDefaultsPostProcessor - For additional web related logging consider setting the 'logging.level.web' property to 'DEBUG'
2026-03-15 13:24:31.186 [restartedMain] INFO  o.s.d.r.c.RepositoryConfigurationDelegate - Bootstrapping Spring Data JPA repositories in DEFAULT mode.
2026-03-15 13:24:31.429 [restartedMain] INFO  o.s.d.r.c.RepositoryConfigurationDelegate - Finished Spring Data repository scanning in 219 ms. Found 15 JPA repository interfaces.
2026-03-15 13:24:32.091 [restartedMain] INFO  o.s.cloud.context.scope.GenericScope - BeanFactory id=b4bf4ef4-577a-3e49-8069-a25e8a1ad954
2026-03-15 13:24:33.402 [restartedMain] INFO  o.s.b.w.e.tomcat.TomcatWebServer - Tomcat initialized with port 8080 (http)
2026-03-15 13:24:33.435 [restartedMain] INFO  o.a.coyote.http11.Http11NioProtocol - Initializing ProtocolHandler ["http-nio-8080"]
2026-03-15 13:24:33.446 [restartedMain] INFO  o.a.catalina.core.StandardService - Starting service [Tomcat]
2026-03-15 13:24:33.448 [restartedMain] INFO  o.a.catalina.core.StandardEngine - Starting Servlet engine: [Apache Tomcat/10.1.31]
2026-03-15 13:24:33.605 [restartedMain] INFO  o.a.c.c.C.[Tomcat].[localhost].[/] - Initializing Spring embedded WebApplicationContext
2026-03-15 13:24:33.605 [restartedMain] INFO  o.s.b.w.s.c.ServletWebServerApplicationContext - Root WebApplicationContext: initialization completed in 4534 ms
2026-03-15 13:24:34.490 [restartedMain] INFO  o.h.jpa.internal.util.LogHelper - HHH000204: Processing PersistenceUnitInfo [name: default]
2026-03-15 13:24:34.704 [restartedMain] INFO  org.hibernate.Version - HHH000412: Hibernate ORM core version 6.5.3.Final
2026-03-15 13:24:34.795 [restartedMain] INFO  o.h.c.i.RegionFactoryInitiator - HHH000026: Second-level cache disabled
2026-03-15 13:24:35.662 [restartedMain] INFO  o.s.o.j.p.SpringPersistenceUnitInfo - No LoadTimeWeaver setup: ignoring JPA class transformer
2026-03-15 13:24:35.757 [restartedMain] INFO  com.zaxxer.hikari.HikariDataSource - HikariCP - Starting...
2026-03-15 13:24:37.183 [restartedMain] INFO  com.zaxxer.hikari.pool.HikariPool - HikariCP - Added connection oracle.jdbc.driver.T4CConnection@7423ef5b
2026-03-15 13:24:37.187 [restartedMain] INFO  com.zaxxer.hikari.HikariDataSource - HikariCP - Start completed.
2026-03-15 13:24:43.163 [restartedMain] INFO  o.h.e.t.j.p.i.JtaPlatformInitiator - HHH000489: No JTA platform available (set 'hibernate.transaction.jta.platform' to enable JTA platform integration)
2026-03-15 13:24:43.652 [restartedMain] INFO  o.h.t.s.e.i.AbstractInformationExtractorImpl - HHH000475: Cannot locate column information using identifier [SYS_NC00010$]; ignoring index [IDX_ANN_PUBLISH_AT]
2026-03-15 13:24:44.739 [restartedMain] INFO  o.s.o.j.LocalContainerEntityManagerFactoryBean - Initialized JPA EntityManagerFactory for persistence unit 'default'
2026-03-15 13:24:46.280 [restartedMain] INFO  o.s.d.j.r.query.QueryEnhancerFactory - Hibernate is in classpath; If applicable, HQL parser will be used.
2026-03-15 13:24:50.183 [restartedMain] INFO  o.s.b.d.a.OptionalLiveReloadServer - LiveReload server is running on port 35729
2026-03-15 13:24:50.396 [restartedMain] INFO  o.a.coyote.http11.Http11NioProtocol - Starting ProtocolHandler ["http-nio-8080"]
2026-03-15 13:24:50.432 [restartedMain] INFO  o.s.b.w.e.tomcat.TomcatWebServer - Tomcat started on port 8080 (http) with context path '/'
2026-03-15 13:24:50.578 [restartedMain] INFO  o.a.k.c.consumer.ConsumerConfig - ConsumerConfig values: 
	allow.auto.create.topics = true
	auto.commit.interval.ms = 5000
	auto.include.jmx.reporter = true
	auto.offset.reset = earliest
	bootstrap.servers = [localhost:9092]
	check.crcs = true
	client.dns.lookup = use_all_dns_ips
	client.id = consumer-notification-id-1
	client.rack = 
	connections.max.idle.ms = 540000
	default.api.timeout.ms = 60000
	enable.auto.commit = false
	enable.metrics.push = true
	exclude.internal.topics = true
	fetch.max.bytes = 52428800
	fetch.max.wait.ms = 500
	fetch.min.bytes = 1
	group.id = notification-id
	group.instance.id = null
	group.protocol = classic
	group.remote.assignor = null
	heartbeat.interval.ms = 3000
	interceptor.classes = []
	internal.leave.group.on.close = true
	internal.throw.on.fetch.stable.offset.unsupported = false
	isolation.level = read_uncommitted
	key.deserializer = class org.apache.kafka.common.serialization.StringDeserializer
	max.partition.fetch.bytes = 1048576
	max.poll.interval.ms = 300000
	max.poll.records = 500
	metadata.max.age.ms = 300000
	metric.reporters = []
	metrics.num.samples = 2
	metrics.recording.level = INFO
	metrics.sample.window.ms = 30000
	partition.assignment.strategy = [class org.apache.kafka.clients.consumer.RangeAssignor, class org.apache.kafka.clients.consumer.CooperativeStickyAssignor]
	receive.buffer.bytes = 65536
	reconnect.backoff.max.ms = 1000
	reconnect.backoff.ms = 50
	request.timeout.ms = 30000
	retry.backoff.max.ms = 1000
	retry.backoff.ms = 100
	sasl.client.callback.handler.class = null
	sasl.jaas.config = null
	sasl.kerberos.kinit.cmd = /usr/bin/kinit
	sasl.kerberos.min.time.before.relogin = 60000
	sasl.kerberos.service.name = null
	sasl.kerberos.ticket.renew.jitter = 0.05
	sasl.kerberos.ticket.renew.window.factor = 0.8
	sasl.login.callback.handler.class = null
	sasl.login.class = null
	sasl.login.connect.timeout.ms = null
	sasl.login.read.timeout.ms = null
	sasl.login.refresh.buffer.seconds = 300
	sasl.login.refresh.min.period.seconds = 60
	sasl.login.refresh.window.factor = 0.8
	sasl.login.refresh.window.jitter = 0.05
	sasl.login.retry.backoff.max.ms = 10000
	sasl.login.retry.backoff.ms = 100
	sasl.mechanism = GSSAPI
	sasl.oauthbearer.clock.skew.seconds = 30
	sasl.oauthbearer.expected.audience = null
	sasl.oauthbearer.expected.issuer = null
	sasl.oauthbearer.jwks.endpoint.refresh.ms = 3600000
	sasl.oauthbearer.jwks.endpoint.retry.backoff.max.ms = 10000
	sasl.oauthbearer.jwks.endpoint.retry.backoff.ms = 100
	sasl.oauthbearer.jwks.endpoint.url = null
	sasl.oauthbearer.scope.claim.name = scope
	sasl.oauthbearer.sub.claim.name = sub
	sasl.oauthbearer.token.endpoint.url = null
	security.protocol = PLAINTEXT
	security.providers = null
	send.buffer.bytes = 131072
	session.timeout.ms = 45000
	socket.connection.setup.timeout.max.ms = 30000
	socket.connection.setup.timeout.ms = 10000
	ssl.cipher.suites = null
	ssl.enabled.protocols = [TLSv1.2, TLSv1.3]
	ssl.endpoint.identification.algorithm = https
	ssl.engine.factory.class = null
	ssl.key.password = null
	ssl.keymanager.algorithm = SunX509
	ssl.keystore.certificate.chain = null
	ssl.keystore.key = null
	ssl.keystore.location = null
	ssl.keystore.password = null
	ssl.keystore.type = JKS
	ssl.protocol = TLSv1.3
	ssl.provider = null
	ssl.secure.random.implementation = null
	ssl.trustmanager.algorithm = PKIX
	ssl.truststore.certificates = null
	ssl.truststore.location = null
	ssl.truststore.password = null
	ssl.truststore.type = JKS
	value.deserializer = class org.springframework.kafka.support.serializer.JsonDeserializer

2026-03-15 13:24:50.711 [restartedMain] INFO  o.a.k.c.t.i.KafkaMetricsCollector - initializing Kafka metrics collector
2026-03-15 13:24:50.957 [restartedMain] INFO  o.a.kafka.common.utils.AppInfoParser - Kafka version: 3.7.1
2026-03-15 13:24:50.957 [restartedMain] INFO  o.a.kafka.common.utils.AppInfoParser - Kafka commitId: e2494e6ffb89f828
2026-03-15 13:24:50.957 [restartedMain] INFO  o.a.kafka.common.utils.AppInfoParser - Kafka startTimeMs: 1773561290955
2026-03-15 13:24:50.971 [restartedMain] INFO  o.a.k.c.c.i.LegacyKafkaConsumer - [Consumer clientId=consumer-notification-id-1, groupId=notification-id] Subscribed to topic(s): payroll-topic
2026-03-15 13:24:51.000 [restartedMain] INFO  c.example.Portal.PortalApplication - Started PortalApplication in 23.408 seconds (process running for 24.546)
2026-03-15 13:24:52.345 [org.springframework.kafka.KafkaListenerEndpointContainer#0-0-C-1] INFO  org.apache.kafka.clients.Metadata - [Consumer clientId=consumer-notification-id-1, groupId=notification-id] Cluster ID: test-cluster
2026-03-15 13:24:52.347 [org.springframework.kafka.KafkaListenerEndpointContainer#0-0-C-1] INFO  o.a.k.c.c.i.ConsumerCoordinator - [Consumer clientId=consumer-notification-id-1, groupId=notification-id] Discovered group coordinator localhost:9092 (id: 2147483646 rack: null)
2026-03-15 13:24:52.352 [org.springframework.kafka.KafkaListenerEndpointContainer#0-0-C-1] INFO  o.a.k.c.c.i.ConsumerCoordinator - [Consumer clientId=consumer-notification-id-1, groupId=notification-id] (Re-)joining group
2026-03-15 13:24:52.413 [org.springframework.kafka.KafkaListenerEndpointContainer#0-0-C-1] INFO  o.a.k.c.c.i.ConsumerCoordinator - [Consumer clientId=consumer-notification-id-1, groupId=notification-id] Request joining group due to: need to re-join with the given member-id: consumer-notification-id-1-03f4d211-4a72-4523-b47a-2f28816305d2
2026-03-15 13:24:52.414 [org.springframework.kafka.KafkaListenerEndpointContainer#0-0-C-1] INFO  o.a.k.c.c.i.ConsumerCoordinator - [Consumer clientId=consumer-notification-id-1, groupId=notification-id] (Re-)joining group
2026-03-15 13:24:55.444 [org.springframework.kafka.KafkaListenerEndpointContainer#0-0-C-1] INFO  o.a.k.c.c.i.ConsumerCoordinator - [Consumer clientId=consumer-notification-id-1, groupId=notification-id] Successfully joined group with generation Generation{generationId=1, memberId='consumer-notification-id-1-03f4d211-4a72-4523-b47a-2f28816305d2', protocol='range'}
2026-03-15 13:24:55.454 [org.springframework.kafka.KafkaListenerEndpointContainer#0-0-C-1] INFO  o.a.k.c.c.i.ConsumerCoordinator - [Consumer clientId=consumer-notification-id-1, groupId=notification-id] Finished assignment for group at generation 1: {consumer-notification-id-1-03f4d211-4a72-4523-b47a-2f28816305d2=Assignment(partitions=[payroll-topic-0])}
2026-03-15 13:24:55.463 [org.springframework.kafka.KafkaListenerEndpointContainer#0-0-C-1] INFO  o.a.k.c.c.i.ConsumerCoordinator - [Consumer clientId=consumer-notification-id-1, groupId=notification-id] Successfully synced group in generation Generation{generationId=1, memberId='consumer-notification-id-1-03f4d211-4a72-4523-b47a-2f28816305d2', protocol='range'}
2026-03-15 13:24:55.464 [org.springframework.kafka.KafkaListenerEndpointContainer#0-0-C-1] INFO  o.a.k.c.c.i.ConsumerCoordinator - [Consumer clientId=consumer-notification-id-1, groupId=notification-id] Notifying assignor about the new Assignment(partitions=[payroll-topic-0])
2026-03-15 13:24:55.469 [org.springframework.kafka.KafkaListenerEndpointContainer#0-0-C-1] INFO  o.a.k.c.c.i.ConsumerRebalanceListenerInvoker - [Consumer clientId=consumer-notification-id-1, groupId=notification-id] Adding newly assigned partitions: payroll-topic-0
2026-03-15 13:24:55.482 [org.springframework.kafka.KafkaListenerEndpointContainer#0-0-C-1] INFO  o.a.k.c.c.i.ConsumerCoordinator - [Consumer clientId=consumer-notification-id-1, groupId=notification-id] Found no committed offset for partition payroll-topic-0
2026-03-15 13:24:55.504 [org.springframework.kafka.KafkaListenerEndpointContainer#0-0-C-1] INFO  o.a.k.c.c.i.SubscriptionState - [Consumer clientId=consumer-notification-id-1, groupId=notification-id] Resetting offset for partition payroll-topic-0 to position FetchPosition{offset=0, offsetEpoch=Optional.empty, currentLeader=LeaderAndEpoch{leader=Optional[localhost:9092 (id: 1 rack: null)], epoch=2}}.
2026-03-15 13:24:55.505 [org.springframework.kafka.KafkaListenerEndpointContainer#0-0-C-1] INFO  o.s.k.l.KafkaMessageListenerContainer - notification-id: partitions assigned: [payroll-topic-0]
2026-03-15 13:25:02.223 [http-nio-8080-exec-1] INFO  o.a.c.c.C.[Tomcat].[localhost].[/] - Initializing Spring DispatcherServlet 'dispatcherServlet'
2026-03-15 13:25:02.223 [http-nio-8080-exec-1] INFO  o.s.web.servlet.DispatcherServlet - Initializing Servlet 'dispatcherServlet'
2026-03-15 13:25:02.227 [http-nio-8080-exec-1] INFO  o.s.web.servlet.DispatcherServlet - Completed initialization in 3 ms
2026-03-15 13:25:03.157 [http-nio-8080-exec-2] INFO  o.a.k.c.producer.ProducerConfig - ProducerConfig values: 
	acks = -1
	auto.include.jmx.reporter = true
	batch.size = 16384
	bootstrap.servers = [localhost:9092]
	buffer.memory = 33554432
	client.dns.lookup = use_all_dns_ips
	client.id = Portal-producer-1
	compression.type = none
	connections.max.idle.ms = 540000
	delivery.timeout.ms = 120000
	enable.idempotence = true
	enable.metrics.push = true
	interceptor.classes = []
	key.serializer = class org.apache.kafka.common.serialization.StringSerializer
	linger.ms = 0
	max.block.ms = 60000
	max.in.flight.requests.per.connection = 5
	max.request.size = 1048576
	metadata.max.age.ms = 300000
	metadata.max.idle.ms = 300000
	metric.reporters = []
	metrics.num.samples = 2
	metrics.recording.level = INFO
	metrics.sample.window.ms = 30000
	partitioner.adaptive.partitioning.enable = true
	partitioner.availability.timeout.ms = 0
	partitioner.class = null
	partitioner.ignore.keys = false
	receive.buffer.bytes = 32768
	reconnect.backoff.max.ms = 1000
	reconnect.backoff.ms = 50
	request.timeout.ms = 30000
	retries = 2147483647
	retry.backoff.max.ms = 1000
	retry.backoff.ms = 100
	sasl.client.callback.handler.class = null
	sasl.jaas.config = null
	sasl.kerberos.kinit.cmd = /usr/bin/kinit
	sasl.kerberos.min.time.before.relogin = 60000
	sasl.kerberos.service.name = null
	sasl.kerberos.ticket.renew.jitter = 0.05
	sasl.kerberos.ticket.renew.window.factor = 0.8
	sasl.login.callback.handler.class = null
	sasl.login.class = null
	sasl.login.connect.timeout.ms = null
	sasl.login.read.timeout.ms = null
	sasl.login.refresh.buffer.seconds = 300
	sasl.login.refresh.min.period.seconds = 60
	sasl.login.refresh.window.factor = 0.8
	sasl.login.refresh.window.jitter = 0.05
	sasl.login.retry.backoff.max.ms = 10000
	sasl.login.retry.backoff.ms = 100
	sasl.mechanism = GSSAPI
	sasl.oauthbearer.clock.skew.seconds = 30
	sasl.oauthbearer.expected.audience = null
	sasl.oauthbearer.expected.issuer = null
	sasl.oauthbearer.jwks.endpoint.refresh.ms = 3600000
	sasl.oauthbearer.jwks.endpoint.retry.backoff.max.ms = 10000
	sasl.oauthbearer.jwks.endpoint.retry.backoff.ms = 100
	sasl.oauthbearer.jwks.endpoint.url = null
	sasl.oauthbearer.scope.claim.name = scope
	sasl.oauthbearer.sub.claim.name = sub
	sasl.oauthbearer.token.endpoint.url = null
	security.protocol = PLAINTEXT
	security.providers = null
	send.buffer.bytes = 131072
	socket.connection.setup.timeout.max.ms = 30000
	socket.connection.setup.timeout.ms = 10000
	ssl.cipher.suites = null
	ssl.enabled.protocols = [TLSv1.2, TLSv1.3]
	ssl.endpoint.identification.algorithm = https
	ssl.engine.factory.class = null
	ssl.key.password = null
	ssl.keymanager.algorithm = SunX509
	ssl.keystore.certificate.chain = null
	ssl.keystore.key = null
	ssl.keystore.location = null
	ssl.keystore.password = null
	ssl.keystore.type = JKS
	ssl.protocol = TLSv1.3
	ssl.provider = null
	ssl.secure.random.implementation = null
	ssl.trustmanager.algorithm = PKIX
	ssl.truststore.certificates = null
	ssl.truststore.location = null
	ssl.truststore.password = null
	ssl.truststore.type = JKS
	transaction.timeout.ms = 60000
	transactional.id = null
	value.serializer = class org.springframework.kafka.support.serializer.JsonSerializer

2026-03-15 13:25:03.159 [http-nio-8080-exec-2] INFO  o.a.k.c.t.i.KafkaMetricsCollector - initializing Kafka metrics collector
2026-03-15 13:25:03.174 [http-nio-8080-exec-2] INFO  o.a.k.clients.producer.KafkaProducer - [Producer clientId=Portal-producer-1] Instantiated an idempotent producer.
2026-03-15 13:25:03.206 [http-nio-8080-exec-2] INFO  o.a.kafka.common.utils.AppInfoParser - Kafka version: 3.7.1
2026-03-15 13:25:03.206 [http-nio-8080-exec-2] INFO  o.a.kafka.common.utils.AppInfoParser - Kafka commitId: e2494e6ffb89f828
2026-03-15 13:25:03.206 [http-nio-8080-exec-2] INFO  o.a.kafka.common.utils.AppInfoParser - Kafka startTimeMs: 1773561303206
2026-03-15 13:25:03.230 [kafka-producer-network-thread | Portal-producer-1] INFO  org.apache.kafka.clients.Metadata - [Producer clientId=Portal-producer-1] Cluster ID: test-cluster
2026-03-15 13:25:03.238 [kafka-producer-network-thread | Portal-producer-1] INFO  o.a.k.c.p.i.TransactionManager - [Producer clientId=Portal-producer-1] ProducerId set to 1 with epoch 0
2026-03-15 13:27:14.100 [org.springframework.kafka.KafkaListenerEndpointContainer#0-0-C-1] INFO  o.a.k.c.c.i.ConsumerRebalanceListenerInvoker - [Consumer clientId=consumer-notification-id-1, groupId=notification-id] Revoke previously assigned partitions payroll-topic-0
2026-03-15 13:27:14.101 [org.springframework.kafka.KafkaListenerEndpointContainer#0-0-C-1] INFO  o.s.k.l.KafkaMessageListenerContainer - notification-id: partitions revoked: [payroll-topic-0]
2026-03-15 13:27:14.101 [org.springframework.kafka.KafkaListenerEndpointContainer#0-0-C-1] INFO  o.a.k.c.c.i.ConsumerCoordinator - [Consumer clientId=consumer-notification-id-1, groupId=notification-id] Member consumer-notification-id-1-03f4d211-4a72-4523-b47a-2f28816305d2 sending LeaveGroup request to coordinator localhost:9092 (id: 2147483646 rack: null) due to the consumer unsubscribed from all topics
2026-03-15 13:27:14.103 [org.springframework.kafka.KafkaListenerEndpointContainer#0-0-C-1] INFO  o.a.k.c.c.i.ConsumerCoordinator - [Consumer clientId=consumer-notification-id-1, groupId=notification-id] Resetting generation and member id due to: consumer pro-actively leaving the group
2026-03-15 13:27:14.103 [org.springframework.kafka.KafkaListenerEndpointContainer#0-0-C-1] INFO  o.a.k.c.c.i.ConsumerCoordinator - [Consumer clientId=consumer-notification-id-1, groupId=notification-id] Request joining group due to: consumer pro-actively leaving the group
2026-03-15 13:27:14.103 [org.springframework.kafka.KafkaListenerEndpointContainer#0-0-C-1] INFO  o.a.k.c.c.i.LegacyKafkaConsumer - [Consumer clientId=consumer-notification-id-1, groupId=notification-id] Unsubscribed all topics or patterns and assigned partitions
2026-03-15 13:27:14.105 [org.springframework.kafka.KafkaListenerEndpointContainer#0-0-C-1] INFO  o.a.k.c.c.i.ConsumerCoordinator - [Consumer clientId=consumer-notification-id-1, groupId=notification-id] Resetting generation and member id due to: consumer pro-actively leaving the group
2026-03-15 13:27:14.105 [org.springframework.kafka.KafkaListenerEndpointContainer#0-0-C-1] INFO  o.a.k.c.c.i.ConsumerCoordinator - [Consumer clientId=consumer-notification-id-1, groupId=notification-id] Request joining group due to: consumer pro-actively leaving the group
2026-03-15 13:27:14.373 [org.springframework.kafka.KafkaListenerEndpointContainer#0-0-C-1] INFO  o.a.kafka.common.metrics.Metrics - Metrics scheduler closed
2026-03-15 13:27:14.374 [org.springframework.kafka.KafkaListenerEndpointContainer#0-0-C-1] INFO  o.a.kafka.common.metrics.Metrics - Closing reporter org.apache.kafka.common.metrics.JmxReporter
2026-03-15 13:27:14.374 [org.springframework.kafka.KafkaListenerEndpointContainer#0-0-C-1] INFO  o.a.kafka.common.metrics.Metrics - Closing reporter org.apache.kafka.common.telemetry.internals.ClientTelemetryReporter
2026-03-15 13:27:14.374 [org.springframework.kafka.KafkaListenerEndpointContainer#0-0-C-1] INFO  o.a.kafka.common.metrics.Metrics - Metrics reporters closed
2026-03-15 13:27:14.392 [org.springframework.kafka.KafkaListenerEndpointContainer#0-0-C-1] INFO  o.a.kafka.common.utils.AppInfoParser - App info kafka.consumer for consumer-notification-id-1 unregistered
2026-03-15 13:27:14.392 [org.springframework.kafka.KafkaListenerEndpointContainer#0-0-C-1] INFO  o.s.k.l.KafkaMessageListenerContainer - notification-id: Consumer stopped
2026-03-15 13:27:14.407 [SpringApplicationShutdownHook] INFO  o.a.k.clients.producer.KafkaProducer - [Producer clientId=Portal-producer-1] Closing the Kafka producer with timeoutMillis = 30000 ms.
2026-03-15 13:27:14.419 [SpringApplicationShutdownHook] INFO  o.a.kafka.common.metrics.Metrics - Metrics scheduler closed
2026-03-15 13:27:14.419 [SpringApplicationShutdownHook] INFO  o.a.kafka.common.metrics.Metrics - Closing reporter org.apache.kafka.common.metrics.JmxReporter
2026-03-15 13:27:14.419 [SpringApplicationShutdownHook] INFO  o.a.kafka.common.metrics.Metrics - Closing reporter org.apache.kafka.common.telemetry.internals.ClientTelemetryReporter
2026-03-15 13:27:14.419 [SpringApplicationShutdownHook] INFO  o.a.kafka.common.metrics.Metrics - Metrics reporters closed
2026-03-15 13:27:14.420 [SpringApplicationShutdownHook] INFO  o.a.kafka.common.utils.AppInfoParser - App info kafka.producer for Portal-producer-1 unregistered
2026-03-15 13:27:14.428 [SpringApplicationShutdownHook] INFO  o.s.o.j.LocalContainerEntityManagerFactoryBean - Closing JPA EntityManagerFactory for persistence unit 'default'
2026-03-15 13:27:14.438 [SpringApplicationShutdownHook] INFO  com.zaxxer.hikari.HikariDataSource - HikariCP - Shutdown initiated...
2026-03-15 13:27:14.473 [SpringApplicationShutdownHook] INFO  com.zaxxer.hikari.HikariDataSource - HikariCP - Shutdown completed.
